Developer,Also listed as,Website,Phone,Email,Office / HQ,Contact page,Decision maker(s),Decision-maker email,Regional projects / footprint,Priority,Type,UDIA specialties,In your list,In regional table,In your workbook,UDIA member,Moe private developer,Field sources,Cross-check flags,Research notes
3L Alliance,,https://3lalliance.com,+61 3 8600 9500,info@3lalliance.com,"Level 19, 350 Queen Street, Melbourne VIC 3000",https://3lalliance.com/contact/,,,Victoria: Current Victorian developer / portfolio listing,Tier B,Greenfield; masterplanned residential; UDIA: Developer,Developer - Greenfield;Developer - Residential / Masterplanned,Yes,,Yes,Yes,,web:Research phone:Research email:Research,,Separate entity from YourLand (source listed 'YourLand 3L Alliance'). Melbourne developer of Queens Place and greenfield communities. Phone/email from contact page and privacy policy text (search-index excerpts; page is JS-rendered).
Abiwood,,https://abiwood.com.au,03 9589 6300,info@abiwood.com.au,"2/44 Weatherall Road, Cheltenham VIC 3192",https://abiwood.com.au/contact-us/,Mark Drysdale (Managing Director),,Ballarat: Pinnacle Ballarat (Smythes Creek) | Ballarat – Smythes Creek: Pinnacle Ballarat (Selling),Tier A,Greenfield; masterplanned residential; UDIA: Developer,Developer - Greenfield;Developer - Residential / Masterplanned,Yes,,Yes,Yes,,web:Research phone:Research email:Research,,Scraped contact page.
ABN Group,,https://www.abngroup.com.au,03 9674 4550,Contact form only,"81 Lorimer St, Docklands VIC 3008",https://www.abngroup.com.au/contact/,,,Victoria: Current Victorian developer / portfolio listing,Tier B,Residential; greenfield; builder/developer; UDIA: Developer,Developer - Greenfield;Developer - Residential / Masterplanned,Yes,,Yes,Yes,,web:Research phone:Research email:-,,"Melbourne office (group founded in Perth). General enquiries via contact form only; the only email seen is the accounts-payable inbox invoicesvic@abngroup.com.au (submitting-invoices page), which isn't for general enquiries. Details from search excerpt of contact page; page scrape was rate-limited."
Accord Property Group,,http://www.accordpg.com.au,03 9830 7722,enquiries@accordpg.com.au,"23 Shierlaw Avenue, Canterbury VIC 3126 (PO Box 241, Canterbury VIC 3126)",http://www.accordpg.com.au/contact/,,,,,,,Yes,,,,,web:Research phone:Research email:Research,,"Ambiguous name: picked the Victorian Accord PG (Canterbury). Not the same as Accord Property (accord.property), which is Adelaide-based. Scraped contact page."
AHB Group,AHB Australia; AHB Group (now Mirrastone),https://mirrastone.com.au,(03) 8390 1000,Contact form only,"56 Barclay Road, Derrimut VIC 3026",https://mirrastone.com.au/contact-us/,,,Victoria: Current Victorian developer / portfolio listing,Tier B,Residential; greenfield; builder/developer; UDIA: Developer,Developer - Greenfield;Developer - Residential / Masterplanned,Yes,,Yes,Yes,,web:Research phone:Research email:-,Website differs: Workbook https://ahbaustralia.com.au/; UDIA https://www.ahbaustralia.com.au/; Research https://mirrastone.com.au,"AHB Group has been renamed Mirrastone (parent of Sherridon Homes, SOHO Living, etc.; Victoria's largest homebuilder). No general email published: contact form / Customer Help Centre only. Details from search excerpt of contact page."
Aliro Group,,https://alirogroup.com.au/,1300 310 085,info@aliro.com.au,Victoria,https://www.crunchbase.com/organization/aliro-group,,,Victoria: Current Victorian developer / portfolio listing,Tier B,Industrial; logistics; commercial,,,,Yes,,,web:Workbook phone:Research email:Research,,Email from Crunchbase company profile; aliro.com.au itself is contact form only. Phone from ZoomInfo company listing.
Allam Property Group,,https://www.allam.com.au/,02 4732 2422,marketing@allam.com.au,Beveridge VIC,https://www.trustpilot.com/review/allam.com.au,Paul Sant (Chief Executive Officer),marketing@allam.com.au,Beveridge: Alkyra (Beveridge) | Beveridge – Beveridge: Alkyra (Selling),Tier A,Masterplanned residential,,,,Yes,,,web:Workbook phone:Research email:Research,,Email/phone from company contact info on Trustpilot business profile; also privacy@allam.com.au on allam.com.au/privacy-policy. Website itself is contact form only.
Anthela GPH Developments,,,03 5292 3557,enquiry@evermoreestate.com.au,Kilmore VIC,https://evermoreestate.com.au/updates/,Not publicly verified (),,Kilmore: Evermore (Kilmore) | Kilmore – Kilmore: Evermore (Selling),Tier A,Residential land,,,,Yes,,,web:- phone:Research email:Research,,"Estate (Evermore Estate, Kilmore) enquiry email and phone. No company website found in sources; estate listing: https://www.openlot.com.au/evermore-estate-kilmore"
Antipodean Land Developments,Antipodean Land Developments Pty Ltd,,,vali.valibhoy@gmail.com,Fitzroy VIC,,,,Victoria: Current Victorian developer / portfolio listing,Tier B,Medium density; townhouses; UDIA: Developer,Developer - Medium Density / Townhouse,,,Yes,Yes,,web:- phone:- email:UDIA,Email is a personal-looking gmail as published in UDIA directory,
APD Projects,,https://apdprojects.com.au,1300 067 927,sayhello@apdprojects.com.au,"Suite 2, Level 3, 100 Dorcas Street, Southbank VIC 3006",https://apdprojects.com.au/#contact,,,,,UDIA: Developer,Developer - Greenfield;Developer - Residential / Masterplanned,Yes,,,Yes,,web:Research phone:Research email:Research,,"Scraped homepage contact section. Also has a QLD office in Newstead. LinkedIn and RocketReach still list an older address: Suite 2, Level 8, 412 St Kilda Rd."
Arc Living,Arc Living (Arc.),https://arcliving.com.au,1300 877 767,hello@arcliving.com.au,"Level 1, 85 Union Street, Armadale VIC 3143",https://arcliving.com.au/contact-us/,,,Geelong: Geelong townhouse developments,Medium,,,,Yes,,,,web:Research phone:Research email:Research,,Townhouse developer in SE Melbourne and Geelong; division/subsidiary of Up Property (upproperty.com.au). Address in full from privacy policy page. Land acquisition contact Ben Cribb +61 427 889 297.
Assemble Communities,,https://assemblecommunities.com/,03 8080 1080,hello@assemblecommunities.com,Richmond VIC,,,,Victoria: Current Victorian developer / portfolio listing,Tier B,Apartments; build-to-rent; UDIA: Developer,Developer - Apartments;Developer - Build to Rent,,,Yes,Yes,,web:UDIA phone:UDIA email:UDIA,,
AVID Property Group,,https://avid.com.au,03 8373 1928,enquiries@avid.com.au,"Suite 2, Level 8, 380 St Kilda Road, Melbourne VIC 3004",https://avid.com.au/contact-us/,,,Victoria: Current Victorian developer / portfolio listing,Tier B,Apartments; greenfield; industrial; masterplanned; UDIA: Developer,Developer - Apartments;Developer - Greenfield;Developer - Industrial;Developer - Residential / Masterplanned,Yes,,Yes,Yes,,web:Research phone:Research email:Research,Phone differs: Workbook 03 9693 7800; UDIA 03 9693 7800; Research 03 8373 1928 || Other emails: UDIA pvlitas@avidpropertygroup.com.au,Melbourne office phone and address from the AVID site (contact page excerpt plus footer on avid.com.au/avidconnect/). The email is listed on avid.com.au/privacy-policy/ and the AVID Facebook page. National head office is Sydney (02 8316 7700).
AVJennings,,https://www.avjennings.com.au/,03 8888 4816,info@avjennings.com.au,Hawthorn VIC,https://askmelbourne.com.au/best-home-builders-melbourne-victoria/,,,Victoria: Current Victorian developer / portfolio listing,Tier B,Apartments; greenfield; townhouses; masterplanned; UDIA: Developer,Developer - Apartments;Developer - Greenfield;Developer - Medium Density / Townhouse;Developer - Residential / Masterplanned,,,Yes,Yes,,web:UDIA phone:Research email:Research,,"Email from third-party directory listings (askmelbourne.com.au, pissedconsumer.com), not the company site; avjennings.com.au now redirects to AVID Property Group (contact form only). Verify before use."
Balcon Group,,https://balcongroup.com.au,+61 3 9822 6507,admin@balcon.net.au,"2A Mercer Road, Armadale VIC 3143 (PO Box 521 Malvern VIC 3144)",https://balcongroup.com.au/,,,Victoria: Current Victorian developer / portfolio listing,Tier B,Commercial; greenfield; industrial; residential; UDIA: Developer,Developer - Commercial/Retail;Developer - Greenfield;Developer - Industrial;Developer - Residential / Masterplanned,Yes,,Yes,Yes,,web:Research phone:Research email:Research,,Developer of the Orana estate (Clyde North). Details from the 'Get in touch' section of the homepage (search excerpt). Note the email domain is balcon.net.au.
Bamfa Properties,,https://bamfa.com.au,03 9429 6432,Contact form only,"480 Swan Street, Richmond VIC 3121 (postal: PO Box 5005, Burnley VIC 3121)",https://bamfa.com.au/,,,Geelong: Northern Geelong Growth Area consortium | Victoria: Current Victorian developer / portfolio listing,High,Apartments; commercial; greenfield; industrial; UDIA: Developer,Developer - Apartments;Developer - Commercial/Retail;Developer - Greenfield;Developer - Industrial;Developer - Residential / Masterplanned,,Yes,Yes,Yes,,web:Research phone:Research email:-,,Lovely Banks Development Group (Northern Geelong Growth Area) consortium member; family company led by Adam and Luke Agosta. Phone and PO Box from bamfa.com.au content (site appears compromised with casino spam pages; homepage did not render for scraping). Street address from Central Index business listing. No email published.
Banco Management,,https://bancogroup.com.au/,03 9347 5055,property@bancogroup.com.au,Carlton VIC,https://bancogroup.com.au/contact/,,,Victoria: Current Victorian developer / portfolio listing,Tier B,Apartments; commercial; industrial; UDIA: Developer,Developer - Apartments;Developer - Commercial/Retail;Developer - Industrial,,,Yes,Yes,,web:UDIA phone:Research email:Research,,"Banco Group general enquiries, Carlton."
Banner Asset Management,,https://www.bannerassetmanagement.com/,03 9929 6400,Contact form only,Melbounre VIC,,,,,,UDIA: Banking / Finance,Developer - Investor,,,,Yes,,web:UDIA phone:Research email:-,,Contact form only
Barks 33 Pty Ltd,,https://www.forestridgestrathfieldsaye.com/,0474 302 636,delaney.barker@raywhite.com,Bendigo VIC,https://www.forestridgestrathfieldsaye.com/contact-4,Delaney Barker (Senior Sales Agent – Forest Ridge),delaney.barker@raywhite.com,Bendigo: Forest Ridge (Strathfieldsaye) | Bendigo – Strathfieldsaye: Forest Ridge (Selling),Tier A,Residential land,,,,Yes,,,web:Workbook phone:Research email:Research,,"Only email on Forest Ridge estate contact page is the selling agent's (Delaney Barker, Ray White Bendigo) business email; no developer email published."
Bauenort,Bauenort Management Pty Ltd,https://www.bauenort.com.au/,03 9826 3911,info@bauenort.com.au,South Yarra VIC,,Anton Pound (Director),,Ballarat: Alto Ballarat (Winter Valley) | Ballarat – Winter Valley: Alto Ballarat (Selling),Tier A,Commercial; greenfield; residential; seniors; UDIA: Developer,Developer - Commercial/Retail;Developer - Greenfield;Developer - Residential / Masterplanned;Developer - Retirement / Seniors Living;Developer - Global,,,Yes,Yes,,web:UDIA phone:UDIA email:UDIA,,
Bayport,,https://www.bayport.com.au/,03 9770 3700,Contact form only,Carrum Downs VIC,,,,Victoria: Current Victorian developer / portfolio listing,Tier B,Commercial; greenfield; industrial; residential; UDIA: Developer,Building Contractor - Civil;Developer - Commercial/Retail;Developer - Greenfield;Developer - Industrial;Developer - Residential / Masterplanned,,,Yes,Yes,,web:UDIA phone:Research email:-,,"No email published; bayport.com.au lists phone/fax and address (55 Colemans Rd, Carrum Downs) only."
Begley Group,Begley Group Pty Ltd,https://begleygroup.com.au/,0408 033 037,Contact form only,Geelong VIC,,Jacinta Begley (CEO – Hamlan Group & Begley Group),,Geelong: Regional development portfolio (Geelong region) | Geelong – Geelong region: Regional development portfolio (Portfolio active),Tier A,Commercial; medium density; residential; UDIA: Developer,Developer - Commercial/Retail;Developer - Medium Density / Townhouse;Developer - Residential / Masterplanned;Property Management,,,Yes,Yes,,web:UDIA phone:Research email:-,,No email published; begleygroup.com.au hosting account suspended. Alt phone (03) 5223 2341 (South Geelong office).
Bennett Williams,,https://bennettwilliams.com.au/,,Contact form only,Moe VIC,,Andrew Purdie (Chief Executive Officer),,"Moe: Heritage Estate (Moe) | Moe – Moe: Heritage Estate (Selling) | Moe: Heritage Estate, 14-16 / 105 Desmond Street, Moe (~114 lots)",Tier A,Residential land,,,,Yes,,Yes,web:Research phone:- email:-,,"Named as developer of Heritage Estate - Moe on OpenLot (also has estates in Morwell, Cowes, San Remo, Glenrowan, Officer). Website was 'under maintenance' when checked; no phone/email seen. Facebook lists Carrum North VIC. Sales & marketing for the estate is by Koham Property (see separate entry): estate contact Ted Window, ted@kohamproperty.com.au, 0435 222 278 (heritagemoe.com.au). Resolution of attribution conflict: Bennett Williams = developer/landowner side; Koham Property = land-sales & marketing agency (its site describes itself as 'Land Estate Sales & Marketing'). No company website found in sources; estate listing: https://www.openlot.com.au/heritage-estate-moe"
Beulah,,https://beulahinternational.com/,,melbourne@beulahinternational.com,Melbourne / Victoria,https://beulahinternational.com/contact/,,,Victoria: Current Victorian developer / portfolio listing,Tier B,Apartments; mixed use; commercial,,,,Yes,,,web:Workbook phone:- email:Research,,"Company contact page, Level 1, 55 Collins St Melbourne."
Bevan Property Group,,https://bevanprojects.com.au,03 9646 5536,office@bevanprojects.com.au,"PO Box 482, Port Melbourne VIC 3207 (postal only; no street address published)",https://bevanprojects.com.au/bevan-property-group/,,,,,,,Yes,,,,,web:Research phone:Research email:Research,,Bevan Property Group is shown under Bevan Projects (Port Melbourne). A separate bevanpropertygroup.com.au domain exists but showed no contact details. Details from search excerpt.
Birchgrove Property,Arbor Estates,https://birchgrove.com.au,(03) 5442 6464,lisa@birchgrove.com.au,"45 Edwards Road, Strathdale VIC 3550",https://birchgrove.com.au/,,,Bendigo: Bendigo-based regional residential estate developer | Victoria: Current Victorian developer / portfolio listing,High,Greenfield; residential; UDIA: Developer,Developer - Greenfield;Developer - Residential / Masterplanned,Yes,Yes,Yes,Yes,,web:Research phone:Research email:Research,Phone differs: Workbook 03 5442 6464; UDIA 03 5441 1809; Research (03) 5442 6464 || Website differs: Workbook https://birchgrove.net.au/; UDIA https://birchgrove.com.au/estate/arbor-place/; Research https://birchgrove.com.au,"Bendigo residential estate developer. Sales mobile: 0417 127 127 (Lisa). No email seen on the site. The BeBendigo directory gives a different phone and address ((03) 5442 7816, 276 Hargreaves Mall); I used the company's own site. Named staff business email: Lisa Tangey (Birchgrove Property Group, developer of Arbor Place), mobile 0417 127 127; published on the estate page. No general address published (contact form)"
Bisinella Developments,L Bisinella Developments Limited,https://bisinella.com.au,(03) 5274 4000,sales@bisinella.com.au,"195-225 Forest Road South, Lara VIC 3212 (PO Box 44, Lara VIC 3212)",https://bisinella.com.au/contact/,,,Geelong: Six estates under development/planning; 400+ lots planned | Victoria: Current Victorian developer / portfolio listing,High,Industrial; residential land; UDIA: Developer,Developer - Greenfield;Developer - Industrial;Developer - Residential / Masterplanned,Yes,Yes,Yes,Yes,,web:Research phone:Research email:Research,Phone differs: UDIA 03 5274 1643; Research (03) 5274 4000,"L. Bisinella Developments Pty Ltd, Geelong region. sales@ is also given for general/corporate enquiries. Details from contact page excerpt."
BMD Group,,https://www.bmd.com.au/,03 9811 3444,media@bmd.com.au,Hawthorn East VIC,https://www.bmdgroup.global/contact,,,Victoria: Current Victorian developer / portfolio listing,Tier B,Commercial; industrial; residential land; UDIA: Developer,Building Contractor - Civil;Developer - Commercial/Retail;Developer - Industrial;Developer - National,,,Yes,Yes,,web:UDIA phone:Research email:Research,,Listed as 'General and media enquiries' email on BMD contact page.
Bolton Clarke,,https://www.boltonclarke.com.au/,1300 22 11 22,Contact form only,Kelvin Grove QLD,https://www.boltonclarke.com.au/contact-us/,,,,,UDIA: Not for Profit,Developer - Aged Care,,,,Yes,,web:UDIA phone:Research email:-,,Care referrals address listed in QLD Health service directory; company website has contact form only (no general/property email published)
Brennan Development Group,,,0416 695 908,contact@brennandevelopment.com.au,Bendigo VIC,https://brennandevelopment.com.au/,Rod Jackson (Director),contact@brennandevelopment.com.au,Bendigo: Golden Grove Bendigo (Jackass Flat) | Bendigo – Jackass Flat: Golden Grove Bendigo (Selling),Tier A,Residential land,,,,Yes,,,web:- phone:Research email:Research,,Company site contact email. Phone is Golden Grove estate sales line (Gemma). Also privacy@brennandevelopment.com.au. No company website found in sources; estate listing: https://www.openlot.com.au/golden-grove-bendigo-estate-jackass-flat
Brown Property Group,,https://brownpropertygroup.com.au,+61 3 9230 2900,info@bpg.com.au,"Level 3, 2 Roche Street, Hawthorn VIC (PO Box 6039, Hawthorn West VIC 3122)",https://brownpropertygroup.com.au/contact/,,,,,,,Yes,,,,,web:Research phone:Research email:Research,,"Victorian developer, not the US Brown Property Group (Fayetteville NC). The contact page has a form, phone and address. info@bpg.com.au is from the company's privacy-policy page."
Buildcap Development Management,Buildcap Development Management Pty Ltd,https://buildcap.com.au/,,info@buildcap.com,Prahran VIC,,,,Victoria: Current Victorian developer / portfolio listing,Tier B,Development management; UDIA: Developer,,,,Yes,Yes,,web:UDIA phone:- email:UDIA,,
Burbank Group,,https://www.burbank.com.au/,13 28 72,build@burbank.com.au,Altona VIC,,,,Victoria: Current Victorian developer / portfolio listing,Tier B,Masterplanned residential; builder/developer; UDIA: Developer,Developer - Residential / Masterplanned,,,Yes,Yes,,web:UDIA phone:UDIA email:UDIA,,
Cadence Property Group,,https://cadenceproperty.com.au/,,info@cadenceproperty.com.au,Victoria,https://cadenceproperty.com.au/contact,,,Victoria: Current Victorian developer / portfolio listing,Tier B,Industrial; logistics; commercial,,,,Yes,,,web:Workbook phone:- email:Research,,General Inquiries address on contact page
Cambrooke Property Pty Ltd,,https://www.strzeleckirealty.com.au/property/2107/the-elms--15-gould-st-newborough-vic,0434 427 001,Contact form only,,https://www.openlot.com.au/elms-estate-newborough,,,"Moe: The Elms Estate, Gould Street (off Old Sale Road), Newborough (26 lots)",,,,,,,,Yes,web:Research phone:Research email:-,,"Developer per OpenLot. No developer website/contacts found. Phone/website are the selling agent: Strzelecki Realty (contact Julie, 0434 427 001). Strzelecki Realty office: 3 Market Street, Moe VIC 3825; contact page https://www.strzeleckirealty.com.au/contact lists 0488 927 133."
Carlisle Homes,,https://www.carlislehomes.com.au/,03 8108 3630,customerenquiry@carlislehomes.com.au,Mulgrave VIC,,,,Victoria: Current Victorian developer / portfolio listing,Tier B,Residential; builder/developer; UDIA: Developer,,,,Yes,Yes,,web:UDIA phone:UDIA email:UDIA,,
Cedar Woods,Cedar Woods Properties Limited,https://www.cedarwoods.com.au,(03) 9820 1777,melbourne@cedarwoods.com.au,"Level 5, 412 St Kilda Road, Melbourne VIC 3004",https://www.cedarwoods.com.au/contact-us,James Bovell (State Manager – Victoria),melbourne@cedarwoods.com.au,"Geelong: Somerley, Corio — approximately 400 homes | Geelong: Somerley (Corio) | Geelong – Corio: Somerley (Selling)",High,Commercial; residential; masterplanned; UDIA: Developer,Developer - Commercial/Retail;Developer - Residential / Masterplanned,Yes,Yes,Yes,Yes,,web:Research phone:Research email:Research,,"Melbourne office of Cedar Woods Properties (ASX listed, HQ West Perth). Contact page excerpt."
Central Equity,Central Equity Land; Central Equity Land Corporation,https://centralequity.com.au,1800 638 888,centralequity@centralequity.com.au,"151 City Road, Southbank VIC 3006",https://centralequity.com.au/contact,Karl Kutner (Executive Director),,Geelong: Palomino (Armstrong Creek) | Geelong – Armstrong Creek: Palomino (Selling),Tier A,Apartments; residential land; UDIA: Developer,Developer - Apartments;Developer - Residential / Masterplanned,Yes,,Yes,Yes,,web:Research phone:Research email:UDIA,Phone differs: Workbook 03 9278 8888; UDIA 03 9278 8888; Research 1800 638 888,Head office phone 1800 638 888 (free call) / +61 3 9278 8888. No general email: contact form only (privacy@centralequity.com.au is listed only for privacy matters). Address is from the Domain agency listing and isn't on the contact page.
Centuria Capital Group,,https://centuria.com.au/,03 9616 6500,Contact form only,Victoria,https://centuria.com.au/centuria-capital/contact/,,,Victoria: Current Victorian developer / portfolio listing,Tier B,Industrial; office; healthcare; agriculture,,,,Yes,,,web:Workbook phone:Research email:-,,enquiries@ is listed under Funeral products section; media: comms@centuria.com.au. Phone = Melbourne office
Charter Hall,,https://www.charterhall.com.au/,03 9903 6100,reits@charterhall.com.au,Victoria,https://www.charterhall.com.au/contact-us,,,Victoria: Current Victorian developer / portfolio listing,Tier B,Industrial; logistics; office; retail; social infrastructure,,,,Yes,,,web:Workbook phone:Research email:Research,,"No single general inbox; reits@ is listed-fund enquiries. Others on page: direct.property@charterhall.com.au, investor@charterhall.com.au, media@charterhall.com.au. Phone = Melbourne office; head office +61 2 8651 9000"
Community Housing Victoria Ltd,,https://chl.org.au/,1300 245 468,Contact form only,,https://chl.org.au/contact/,,,Moe – Moe: Big Housing Build homes (Completed 2025 / ongoing relationship),,,,,,Yes,,,web:Research phone:Research email:-,,"Now Community Housing Limited (vic.gov.au CHVL archive page). Contact form only; info@chl.org.au is published for anonymous feedback and companysecretary@chl.org.au for legal service (ACNC), so neither is listed."
Costa Asset Management,Costa Property Group; Costa Property Group / Costa Asset Management,https://www.costaland.com.au,(03) 5224 1477,info@costaland.com.au,"Level 1, 2 Myers St, Geelong VIC 3220 (PO Box 315, Geelong VIC 3220)",https://www.costaland.com.au/,Carl Schokman (Chief Executive Officer),info@costaland.com.au,Geelong: Northern Geelong growth land and Cunningham Pier | Geelong: Watermark (Armstrong Creek); Highton Ridge (Highton) | Geelong – Armstrong Creek: Watermark (Selling) | Geelong – Highton: Highton Ridge (Selling / mature),High,Masterplanned residential,,Yes,Yes,Yes,,,web:Research phone:Research email:Research,,"Costa Property Group (costaland.com.au) is the land/estate developer arm. Parent Costa Asset Management (family office): https://www.costafamilyoffice.com.au, 174 Moorabool Street, Geelong VIC 3220, +61 3 5292 8200, info@costafamilyoffice.com.au. Both from site excerpts. No company website found in sources; estate listing: https://www.openlot.com.au/highton-ridge-estate-highton"
Creation Homes,Creation Homes (VIC),https://www.creationhomes.com.au/,03 9828 0700,info@creationhomes.com.au,Melbourne VIC,,,,Victoria: Current Victorian developer / portfolio listing,Tier B,Medium density; residential; UDIA: Developer,Developer - Medium Density / Townhouse;Developer - Residential / Masterplanned,,,Yes,Yes,,web:UDIA phone:UDIA email:UDIA,,
Crystal Group,,https://www.crystalgroup.com.au/,03 9716 2394,Contact form only,Whittlesea VIC,,,,Victoria: Current Victorian developer / portfolio listing,Tier B,Commercial; greenfield; industrial; residential; UDIA: Developer,Developer - Commercial/Retail;Developer - Greenfield;Developer - Industrial;Developer - Residential / Masterplanned,,,Yes,Yes,,web:UDIA phone:Research email:-,,contact form only; no email published on site or in search results
C Street Projects,,https://cstreetprojects.com.au/,,contact@cstreetprojects.com.au,Port Melbourne VIC,,,,Victoria: Current Victorian developer / portfolio listing,Tier B,Commercial; residential; UDIA: Developer,Developer - Commercial/Retail;Developer - Residential / Masterplanned,,,Yes,Yes,,web:UDIA phone:- email:UDIA,,
Dahua Group Australia,,https://dahuaaustralia.com.au/,03 9021 2565,info.mel@dahuaaustralia.com.au,Melbourne VIC,https://dahuaaustralia.com.au/contact-us/,,,Victoria: Current Victorian developer / portfolio listing,Tier B,Apartments; greenfield; residential; UDIA: Developer,Developer - Apartments;Developer - Greenfield;Developer - Residential / Masterplanned,,,Yes,Yes,,web:UDIA phone:Research email:Research,,Melbourne office email
DealCorp,,https://dealcorp.com.au/,03 9826 2650,customercare@dealcorp.com.au,Melbourne / Victoria,https://dealcorp.com.au/contact-us/,,,Victoria: Current Victorian developer / portfolio listing,Tier B,Apartments; mixed use; commercial,,,,Yes,,,web:Workbook phone:Research email:Research,,Customer care & sales email
Dennis Family Corporation,,https://denniscorp.com.au,+61 3 9573 1100,Contact form only,"863 High Street, Armadale VIC 3143",https://denniscorp.com.au/contact-us/,Tony Gallagher (State Manager – Victoria),,Geelong: Ashbury (Armstrong Creek) | Geelong – Armstrong Creek: Ashbury (Selling),Tier A,Masterplanned residential; greenfield; UDIA: Developer,Developer - Residential / Masterplanned,Yes,,Yes,Yes,,web:Research phone:Research email:-,,Head office details from contact page. No general email published: contact form only (the only email seen is accounts_payable@denniscorp.com.au for suppliers). QLD office: +61 7 3457 8600.
Development Edge,Development Edge Pty Ltd,https://developmentedge.com.au,+61 3 5831 1800,admin@developmentedge.com.au,"122 High St, Shepparton VIC 3630",https://developmentedge.com.au/contact/,Michael Lewis (Director),,"Bendigo: Active across Greater Bendigo, Goulburn Valley and Echuca | Shepparton: Leading Goulburn Valley residential land developer | Bendigo; Shepparton: Regional estate portfolio (Greater Bendigo); The Vines (Shepparton); Providence Place (Shepparton North) | Bendigo – Greater Bendigo: Regional estate portfolio (Portfolio active) | Shepparton – Shepparton: The Vines (Selling / mature) | Shepparton – Shepparton North: Providence Place (Selling) | Shepparton – Shepparton: Grammar Park Gardens (Selling / mature)",High,Greenfield; residential; UDIA: Developer,Developer - Greenfield;Developer - Residential / Masterplanned,Yes,Yes,Yes,Yes,,web:Research phone:Research email:UDIA,Phone differs: Workbook 0418 301 568; UDIA 0418301568; Research +61 3 5831 1800,"Shepparton / Goulburn Valley land developer. Website contact page is a contact form only (no phone, email or address shown). Address from MapQuest; phone from the Maptons directory listing, not the company's own site."
Development Victoria,,https://www.development.vic.gov.au,+61 3 8317 3400,Contact form only,"8 Exhibition Street, Melbourne VIC 3000",https://www.development.vic.gov.au/contact,Emma Arkesteijn (Development Director – Acquisitions),,"Geelong: Silverbrook, Mount Duneed — approximately 400 homes | Bendigo: Flora Hill — approximately 170 homes through 2030 | Geelong; Ballarat: Silverbrook (Mount Duneed); Acacia (Cardigan) | Geelong – Mount Duneed: Silverbrook (Planning / delivery) | Ballarat – Cardigan: Acacia (Selling / delivery)",High,Government land development; mixed use; UDIA: Developer,Developer - Greenfield;Developer - Residential / Masterplanned,Yes,Yes,Yes,Yes,,web:Research phone:Research email:-,,Victorian Government development agency. General enquiries via online form only. Emails seen elsewhere are function-specific only: foi@development.vic.gov.au (OVIC listing) and recruitment.enquiries@development.vic.gov.au (LinkedIn).
Dexus,,https://www.dexus.com/,03 8611 2900,ir@dexus.com,Victoria,https://www.dexus.com/get-in-touch.html,,,Victoria: Current Victorian developer / portfolio listing,Tier B,Office; industrial; healthcare; mixed use,,,,Yes,,,web:Workbook phone:Research email:Research,,Investor relations (listed) email; general enquiries via form only. Phone = Melbourne office
DM Property,,https://www.dmproperty.com.au/,1300 905 244,info@dmproperty.com.au,Prahran VIC,,David Dordevic (Director),info@dmproperty.com.au,Shepparton: Uptown (Shepparton North) | Shepparton – Shepparton North: Uptown (Selling),Tier A,Residential land; UDIA: Developer,,,,Yes,Yes,,web:UDIA phone:UDIA email:UDIA,Phone differs: Workbook 0447 488 652; UDIA 1300 905 244 || Website differs: Workbook https://www.uptown3631.com.au/; UDIA https://www.dmproperty.com.au/ || Other emails: Workbook enquiries@uptown3631.com.au,
Eight Property Investments,,,,,Kilmore VIC,,Lou Pomponio (Director (role source dated 2018)),,Kilmore: Eden Rise (Kilmore) | Kilmore – Kilmore: Eden Rise (Selling / recent),Tier A,Residential land,,,,Yes,,,web:- phone:- email:-,,"No email published; ASIC published notice shows the trustee company in liquidation (liquidator contact 03 9669 1100, Jordan Gitani). No company website found in sources; estate listing: https://www.openlot.com.au/eden-rise-estate-kilmore"
ESR Australia,,https://www.esr.com/au,02 9186 4700,co-sec@esr.com,Victoria,https://au.esr.com/complaints-management/,,,Victoria: Current Victorian developer / portfolio listing,Tier B,Industrial; logistics; data centres,,,,Yes,,,web:Workbook phone:Research email:Research,,Only published address is company secretary/complaints email; general enquiries via contact form. Same phone listed for Melbourne office (Southbank)
Evolve Development,,https://evolvedevelopment.com.au/,03 9820 1246,admin@evolvedevelopment.com.au,South Melbourne VIC,https://evolvedevelopment.com.au/contact/,,,Victoria: Current Victorian developer / portfolio listing,Tier B,Apartments; commercial; greenfield; urban renewal; UDIA: Developer,Developer - Apartments;Developer - Commercial/Retail;Developer - Greenfield;Developer - Residential / Masterplanned;Developer - Urban Renewal / Infill,,,Yes,Yes,,web:UDIA phone:Research email:Research,,
Exford Waters,Exford Waters (developer: Wegg Pty Ltd); Exford Waters Pty Ltd,https://www.exfordwaters.com.au,0499 123 119,exfordwaters@rpmgrp.com.au,"Sales office: 5 Riversdale Boulevard, Weir Views VIC 3338 (estate at 255-299 Exford Road, Weir Views)",https://www.exfordwaters.com.au/contact/,,,Victoria: Current Victorian developer / portfolio listing,Tier B,Greenfield; residential; UDIA: Developer,Developer - Greenfield;Developer - Residential / Masterplanned,Yes,,Yes,Yes,,web:Research phone:Research email:Research,Phone differs: Workbook 03 9743 5411; UDIA 03 9743 5411; Research 0499 123 119,"Estate, not a company. Developer is Wegg Pty Ltd (named on the estate's rebate terms and design guidelines; OpenLot and RPM list 'Wegg' as developer). Sales and marketing are by RPM Group (https://www.rpmgrp.com.au/project/exfordwaters/). Phone is the Estate Manager's (Shaam Sharma) from the contact page; 1800 777 800 also appears on estate blog pages. Email is from the Exford Waters Facebook and Instagram pages. No standalone Wegg website or contact details found."
Far East Consortium Australia,,https://www.fec.com.au/,03 9681 6988,info@fareast.net.au,Melbourne / Victoria,https://www.facebook.com/fareastconsortium/,,,Victoria: Current Victorian developer / portfolio listing,Tier B,Apartments; hotels; mixed use,,,,Yes,,,web:Workbook phone:Research email:Research,,"Email from official Facebook page contact info; website (fareast.net.au, formerly fec.com.au) has contact form only"
Frasers Property Australia,,https://www.frasersproperty.com.au,+61 3 9258 1200,Contact form only,"Level 9, 484 St Kilda Road, Melbourne VIC 3004",https://www.frasersproperty.com.au/contact,,,Victoria: Current Victorian developer / portfolio listing,Tier B,Commercial; greenfield; residential; UDIA: Developer,Developer - Commercial/Retail;Developer - Greenfield;Developer - Residential / Masterplanned,Yes,,Yes,Yes,,web:Research phone:Research email:-,,Melbourne office. National residential enquiries 13 38 38; customer care 13 86 88. No email published: phone / contact form only.
Gersh Investment Partners Ltd,,https://gersh.com.au/,03 9823 3433,info@gersh.com.au,South Yarra VIC,,,,,,UDIA: Developer,Developer - Investor,,,,Yes,,web:UDIA phone:UDIA email:UDIA,,
Gill Family Corp,,https://gillfamilycorp.com.au/,,info@gillfamilycorp.com.au,Narre Warren VIC,,,,Victoria: Current Victorian developer / portfolio listing,Tier B,Commercial; greenfield; industrial; residential; UDIA: Developer,Developer - Commercial/Retail;Developer - Greenfield;Developer - Industrial;Developer - Residential / Masterplanned,,,Yes,Yes,,web:UDIA phone:- email:UDIA,,
Glenvill Homes,,https://glenvill.com.au/,03 9573 8393,enquiry@glenvill.com.au,Geelong / Melbourne VIC,https://glenvill.com.au/contact/,Zak Stockley (Development Director),enquiry@glenvill.com.au,Geelong: Ashbury (Armstrong Creek) | Geelong – Armstrong Creek: Ashbury (Selling),Tier A,Residential; townhouses; builder/developer,,,,Yes,,,web:Workbook phone:Research email:Research,,"Glenvill Group contact page, Cremorne."
Golden Age Group,,https://goldenagegroup.com.au/,03 9671 3928,info@goldenagegroup.com.au,Melbourne / Victoria,https://www.facebook.com/GoldenAgeGroup/,,,Victoria: Current Victorian developer / portfolio listing,Tier B,Apartments; masterplanned residential; mixed use,,,,Yes,,,web:Workbook phone:Research email:Research,,Email listed on official Facebook page contact info; website footer shows phone only
Goldfields,Goldfields Group,https://goldfieldsgroup.com.au,,info@goldfieldsgroup.com.au,"Goldfields House, Level 23, 627 Chapel Street, South Yarra VIC 3141",https://goldfieldsgroup.com.au/contact/,Paul Cicchiello (National Director – Communities),info@goldfieldsgroup.com.au,"Shepparton: Parkers Grove — approved $205 million, 641-home community | Shepparton: Parkers Grove (Shepparton) | Shepparton – Shepparton: Parkers Grove (Selling)",Very high,Masterplanned residential; apartments,,Yes,Yes,Yes,,,web:Research phone:- email:Research,,"Entity is Goldfields Group (national diversified developer, CEO Lachlan Thompson), confirmed as developer of Parkers Grove, Shepparton (641-lot, $205M) per The Urban Developer. No phone published on the contact page (contact form plus email). Also has Brisbane and Perth offices. No company website found in sources; estate listing: https://www.openlot.com.au/parkers-grove-shepparton"
Goodman Group,,https://au.goodman.com/,1300 791 100,info-au@goodman.com,Victoria,https://2020ar.goodman.com/corporate-information/corporate-directory/,,,Victoria: Current Victorian developer / portfolio listing,Tier B,Industrial; logistics,,,,Yes,,,web:Workbook phone:Research email:Research,,From Goodman annual report corporate directory (2020)
GPT Group,,https://www.gpt.com.au/,02 8239 3555,gpt@gpt.com.au,Victoria,https://www.gpt.com.au/complaints,,,Victoria: Current Victorian developer / portfolio listing,Tier B,Office; retail; logistics,,,,Yes,,,web:Workbook phone:Research email:Research,,"General enquiries email (""contact us through our online enquiry form or by emailing gpt@gpt.com.au""). Phone = Sydney head office"
Growland Group,Growland Group Pty Ltd,https://growland.com.au/,03 9876 2673,info@growland.com.au,Melbourne VIC,,,,Victoria: Current Victorian developer / portfolio listing,Tier B,Apartments; greenfield; residential; UDIA: Developer,Developer - Apartments;Developer - Greenfield;Developer - Residential / Masterplanned,,,Yes,Yes,,web:UDIA phone:UDIA email:UDIA,,
Gull & Company,Gull & Co,https://gullco.com.au,03 5331 2222,webenquiries@gullgroup.com.au,"20 Peel Street North, Ballarat VIC 3350 (postal: PO Box 84, Ballarat VIC 3350)",https://gullco.com.au/contact-us/,Cameron Gull (Development / sales contact),cameron@gullco.com.au,Ballarat: Avenue Hill and other Ballarat/Western District projects | Ballarat: Residential estate portfolio (Ballarat region) | Ballarat – Ballarat region: Residential estate portfolio (Portfolio active),High,Residential land,,Yes,Yes,Yes,,,web:Research phone:Research email:Research,,"Gull & Co / Gull Group, Ballarat land developer and real estate agency. Avenue Hill estate (Cardigan) is listed on its site (avenuehillestate.com). Land sales contact on the same page: cameron@gullco.com.au, 0438 341 592."
GURNER,,https://www.gurner.com.au,+61 3 9654 6222,Contact form only,"Level 3, 10 River St, South Yarra VIC 3141",https://www.gurner.com.au/contact,,,Geelong: Cunningham Pier redevelopment with Costa | Victoria: Current Victorian developer / portfolio listing,High,Apartments; mixed use; build-to-rent; hospitality,,Yes,Yes,Yes,,,web:Research phone:Research email:-,,"No email published; enquiry form only. Page meta description still lists older HQ address of 168 Williams Rd, Prahran VIC 3181. The visible page shows River St. Sydney office at 44 Martin Place."
Hamilton Group,,https://www.hamilton.net.au/,03 5224 2788,hello@hamilton.net.au,North Geelong VIC,https://www.hamilton.net.au/contact-us/,,,Victoria: Current Victorian developer / portfolio listing,Tier B,Residential; commercial; UDIA: Developer,Developer - Commercial/Retail;Developer - Industrial,,,Yes,Yes,,web:UDIA phone:Research email:Research,,Footer email
Hamton Group,Hamton Group Pty Ltd,https://www.hamton.com.au/,03 9522 8444,info@hamton.com.au,Prahran VIC,https://www.hamton.com.au/contact,,,Victoria: Current Victorian developer / portfolio listing,Tier B,Apartments; commercial; residential; UDIA: Developer,Developer - Apartments;Developer - Commercial/Retail;Developer - Residential / Masterplanned,,,Yes,Yes,,web:UDIA phone:Research email:Research,,
Hengyi Australia,,https://hengyi.com.au/,03 9600 2677,info@hengyi.com.au,Melbourne / Victoria,https://www.hengyi.com.au/contact-us/,,,Victoria: Current Victorian developer / portfolio listing,Tier B,Apartments; mixed use,,,,Yes,,,web:Workbook phone:Research email:Research,,Melbourne office
Hickory,,https://www.hickory.com.au/,03 9429 7411,info@hickory.com.au,Melbourne / Victoria,https://www.facebook.com/hickorygroupaustralia/,,,Victoria: Current Victorian developer / portfolio listing,Tier B,Apartments; commercial; build-to-rent; development,,,,Yes,,,web:Workbook phone:Research email:Research,,Email from official Facebook page contact info; website has form only (privacy contact legal@hickory.com.au)
Holder East,,https://holdereast.com.au/,03 9650 0812,info@holdereast.com.au,Melbourne / Victoria,https://www.holdereast.com.au/contact,,,Victoria: Current Victorian developer / portfolio listing,Tier B,Apartments; residential,,,,Yes,,,web:Workbook phone:Research email:Research,,
Homes Victoria,Homes Victoria / Community Housing Victoria Ltd (CHVL),https://www.homes.vic.gov.au/,1300 475 170,Contact form only,"50 Lonsdale Street, Melbourne VIC 3000",https://www.homes.vic.gov.au/get-touch,,,"Moe – Moe: Big Housing Build homes (Completed 2025 / ongoing relationship) | Moe: 7 social homes in Moe (Big Housing Build), near Moe railway station",,,,,,Yes,,Yes,web:Research phone:Research email:-,,"NOT a private estate/developer - government social housing delivered with not-for-profit CHVL (4 x 2-bed, 3 x 3-bed). Recorded for completeness. No email published; contact form at homes.vic.gov.au/get-touch. Phone is the Department of Families, Fairness and Housing general enquiries line (dffh.vic.gov.au/contact-us); Homes Victoria's own 1800 825 955 line is for housing support."
Housing Choices Australia Limited (Victoria),,https://www.housingchoices.org.au/,03 8636 9432,info@hcau.org.au,Melbourne VIC,,,,,,UDIA: Institution,Developer - Community Housing,,,,Yes,,web:UDIA phone:UDIA email:UDIA,,
HousingFirst Ltd,,https://www.housingfirst.org.au/,03 9534 5837,info@housingfirst.org.au,Melbourne VIC,https://www.acnc.gov.au/charity/charities/14d899a1-39af-e811-a963-000d3ad244fd,,,,,UDIA: Not for Profit,Developer - Community Housing,,,,Yes,,web:UDIA phone:Research email:Research,,Listed on ACNC charity register and on the organisation's Facebook page; website has contact form only
Hub Property Group,,,03 9081 1611,info@hubpg.com.au,Geelong VIC,https://www.hubpropertygroup.com.au/contact/,David Walker (Head of Transactions & Advisory),info@hubpg.com.au,Geelong: Balmoral Quay (Rippleside) | Geelong – Rippleside: Balmoral Quay (Selling / mature),Tier A,Townhouses; waterfront residential,,,,Yes,,,web:- phone:Research email:Research,,Company contact page. Geelong office 0417 407 603. No company website found in sources; estate listing: https://www.openlot.com.au/balmoral-quay-estate-rippleside
Hudson Ridge Builders,,,03 5332 6889,hello@hudsonridge.com.au,Ballarat VIC,https://hudsonridge.com.au/speak-with-someone/,Darren Fraser (Director (role source dated 2018)),hello@hudsonridge.com.au,Ballarat: Aurora (Ballarat East) | Ballarat – Ballarat East: Aurora (Selling / recent),Tier A,Residential land; builder/developer,,,,Yes,,,web:- phone:Research email:Research,,"Company contact page, Ballarat office. No company website found in sources; estate listing: https://www.openlot.com.au/aurora-estate-ballarat-east"
Hunter Park Country Estate developer (entity not identified),,https://www.dannyedebohlspropertysales.com.au/,0467 272 000,Contact form only,"62 Albert Street, Moe VIC 3825",https://www.openlot.com.au/hunter-park-country-estate-moe,,,"Moe: Hunter Park Country Estate, Coalville Road, Moe (102 lots)",,,,,,,,Yes,web:Research phone:Research email:-,,Developer not named on OpenLot; project marketer/selling agent: Danny Edebohls Property Sales (Moe). Phone/address are the selling agent's (commercialrealestate.com.au agency profile).
Huntly Property Holdings,,https://provenancebendigo.com/home-2-2/,0431 684 818,contact@provenancebendigo.com,Bendigo VIC,https://www.facebook.com/provenancebendigo/,Katrina Turner (Provenance project sales contact),katrina.turner@provenancebendigo.com,Bendigo: Provenance (Huntly) | Bendigo – Huntly: Provenance (Ongoing to 2035),Tier A,Masterplanned residential,,,,Yes,,,web:Workbook phone:Research email:Research,,"Provenance Bendigo estate enquiries email (estate Facebook page). Estate site lists sales agent Amy Harris-Arthur, projects@mckeanmgregor.com.au, 0431 684 818."
Hygge Property,,,,hello@hyggeproperty.com.au,Geelong VIC,https://www.hyggeproperty.com.au/contact,Adam Davidson (Director),,Geelong: The Bottleworks (Geelong) | Geelong – Geelong: The Bottleworks (Selling),Tier A,Townhouses; infill residential,,,,Yes,,,web:- phone:- email:Research,,Company contact page. Bottleworks sales agent: Jess Templeton jess@geelongrealestate.co 0449 978 716. No company website found in sources; estate listing: https://www.openlot.com.au/bottleworks-estate-geelong
ICD Property,,https://icdproperty.com.au/,03 8575 8888,info@icdproperty.com.au,Melbourne VIC,https://icdproperty.com.au/contact/,,,Victoria: Current Victorian developer / portfolio listing,Tier B,Apartments; commercial; residential; UDIA: Developer,Developer - Apartments;Developer - Commercial/Retail;Developer - Residential / Masterplanned,,,Yes,Yes,,web:UDIA phone:Research email:Research,,
IDA,,https://www.ida.com.au/,03 9452 0220,info@ida.com.au,South Yarra VIC,,,,,,UDIA: Professional Services Company,Developer - Investor,,,,Yes,,web:UDIA phone:UDIA email:UDIA,,
ID_Land,,https://idland.com.au,+61 3 9867 4700,info@idland.com.au,"Level 11, 484 St Kilda Road, Melbourne VIC 3004",https://idland.com.au/contact,Matthew Belford (Managing Director),info@idland.com.au,Geelong: Watermark (Armstrong Creek) | Geelong – Armstrong Creek: Watermark (Selling),Tier A,Apartments; townhouses; masterplanned residential; UDIA: Developer,Developer - Apartments;Developer - Medium Density / Townhouse;Developer - Residential / Masterplanned,Yes,,Yes,Yes,,web:Research phone:Research email:UDIA,,Victorian head office. Part of the ID_Corp group. No email published; contact form only.
Ingenia Communities,Ingenia Communities (Victoria),https://www.ingeniacommunities.com.au/,0407805758,Contact form only,Carlton VIC,,,,Victoria: Current Victorian developer / portfolio listing,Tier B,Residential; land lease; seniors; UDIA: Developer,Developer - Residential / Masterplanned;Developer - Retirement / Seniors Living,,,Yes,Yes,,web:UDIA phone:Research email:-,,contact form only; site publishes only privacy@ingeniacommunities.com.au and brand marketing opt-out addresses (e.g. marketing@ingenialifestyle.com.au) on privacy page. Ingenia Lifestyle sales 1800 135 010
Integra Group,,https://www.integragroup.com.au,03 5322 5999,enquiries@integragroup.com.au,"25 Lilburne Street, Lucas VIC 3350",https://www.integragroup.com.au/contact,Matthew Agterhuis (Managing Director),community@integragroup.com.au,Ballarat: Important Ballarat land-development prospect requiring current-project verification | Bendigo; Ballarat: Viewpoint Bendigo (Huntly); Lucas (Lucas); Aberdeen (Ballarat region) | Bendigo – Huntly: Viewpoint Bendigo (Selling / mature) | Ballarat – Lucas: Lucas (Selling / mature) | Ballarat – Ballarat region: Aberdeen (Selling),Pending,Greenfield; residential; builder/developer; UDIA: Developer,Builder,,Yes,Yes,Yes,,web:Research phone:Research email:Research,Other emails: UDIA payments@integragroup.com.au,"Ballarat land developer (Lucas, Aberdeen estates). Lucas Land Sales Centre 03 5322 5902; Aberdeen Land Sales Centre 0418 857 264."
Intrapac Property,,https://intrapac.com.au,03 9207 8000,info@intrapac.com.au,"Level 6, 580 St Kilda Road, Melbourne VIC 3004",https://intrapac.com.au/contact-us/,,,Victoria: Current Victorian developer / portfolio listing,Tier B,Greenfield; townhouses; masterplanned residential; UDIA: Developer,Developer - Greenfield;Developer - Medium Density / Townhouse;Developer - Residential / Masterplanned,Yes,,Yes,Yes,,web:Research phone:Research email:Research,,Head office and Victorian office. Media: media@intrapac.com.au. Queensland office in Robina.
Jaydo Construction Pty Ltd,,https://www.jaydo.com.au/,03 8772 6000,info@jaydo.com.au,Carrum Downs Vic,,,,,,UDIA: Contractor,Building Contractor - Civil;Developer - Commercial/Retail,,,,Yes,,web:UDIA phone:UDIA email:UDIA,,
Jayland Group,,,,,Beveridge VIC,,Not publicly verified (),,Beveridge: Central Park (Beveridge); Beveridge Central (Beveridge) | Beveridge – Beveridge: Central Park (Selling / mature) | Beveridge – Beveridge: Beveridge Central (Selling),Tier A,Masterplanned residential,,,,Yes,,,web:- phone:- email:-,,"No email published on jayland.co (no mailto; office 2/600 High Street, Epping VIC 3076). No company website found in sources; estate listing: https://www.openlot.com.au/central-park-estate-beveridge"
Jinding,,https://www.jinding.com.au,+61 3 9457 8588,info@jinding.com.au,"Level 53, Rialto South Tower, 525 Collins Street, Melbourne VIC 3000",https://www.jinding.com.au/contact/,Chris Ravat (National Development Director – Communities),info@jinding.com.au,Kilmore: Broadstead Kilmore — currently selling | Kilmore: Broadstead (Kilmore) | Kilmore – Kilmore: Broadstead (Selling / construction),Very high,Masterplanned residential; commercial,,Yes,Yes,Yes,,,web:Research phone:Research email:Research,Website differs: Workbook https://broadsteadkilmore.com.au/; Research https://www.jinding.com.au,"Melbourne head office. Developer of Broadstead, Kilmore (200 Quinns Road). Brisbane office: Suite 1605, Level 16, 239 George St."
Kataland,,https://underbank.com.au/,03 9639 3888,underbank@kataland.com.au,Melbourne VIC,https://www.facebook.com/groups/458769180832190/posts/34069051602710516/,,,Victoria: Current Victorian developer / portfolio listing,Tier B,Commercial; greenfield; townhouses; residential; UDIA: Developer,Developer - Commercial/Retail;Developer - Greenfield;Developer - Medium Density / Townhouse;Developer - Residential / Masterplanned,,,Yes,Yes,,web:UDIA phone:Research email:Research,,Underbank enquiries address seen in Facebook post excerpts (search snippet). Kataland Privacy Officer (named staff) jisun@kataland.com.au published on https://underbank.com.au/privacy-policy. Estate agent (Latitude RE) steven@latituderealestate.com.au on underbank.com.au
Kode Living,,,0499 883 888,sales@kodeliving.com.au,Ballarat VIC,https://kodeliving.com.au/,Matthew Nesci (New Construction Specialist),matt@kodeliving.com.au,Ballarat: Dream Ballarat (Sebastopol) | Ballarat – Sebastopol: Dream Ballarat (Selling),Tier A,Residential land; builder/developer,,,,Yes,,,web:- phone:Research email:Research,,Company website header. No company website found in sources; estate listing: https://www.openlot.com.au/dream-ballarat-estate-sebastopol
Koham Property,,https://www.kohamproperty.com.au/ (estate site: https://www.heritagemoe.com.au/),1800 717 505,info@kohamproperty.com.au,"Suite 3B, Level 1/150 Albert Road, South Melbourne VIC 3205",https://www.kohamproperty.com.au/contact,Ian Koh (Director / OIEC),info@kohamproperty.com.au,"Moe: Heritage Estate (Moe) | Moe – Moe: Heritage Estate (Selling) | Moe: Heritage Estate, Moe (sales & marketing agent, not developer)",Tier A,Residential land; property investment,,,,Yes,,Yes,web:Research phone:Research email:Research,,"Project marketer / selling agent for Heritage Estate Moe (heritagemoe.com.au footer '(c) 2025 Koham Property'; estate contact Ted Window, ted@kohamproperty.com.au, 0435 222 278; estate address 14-16 Desmond Street, Moe). Developer per OpenLot is Bennett Williams."
Kokoda Property,,https://kokodaproperty.com.au/,03 9259 0000,info@kokodaproperty.com.au,Melbourne / Victoria,https://www.kokodaproperty.com.au/contact/,,,Victoria: Current Victorian developer / portfolio listing,Tier B,Apartments; mixed use,,,,Yes,,,web:Workbook phone:Research email:Research,,Melbourne head office
LandGipps,,https://landgipps.com.au/ (estate site: https://mitchellgrove.com.au/),1300 545 263,info@landgipps.com.au,,https://landgipps.com.au/contact/,,,"Moe: Mitchell Grove (incl. North Fields, Grand Views releases; Discovery Boulevard), Moe",,,,,,,,Yes,web:Research phone:Research email:Research,,"Developer per mitchellgrove.com.au ('A Landgipps development'), OpenLot and Latrobe Valley Express (director/development manager David Sowerby; ~191 lots, $32m, 2013). LandGipps contact page also lists sales staff brad@landgipps.com.au (0433 321 500) and carolyn@landgipps.com.au (0407 329 927). Selling agent for Mitchell Grove lots: John Kerr Real Estate Moe, 03 5127 7133 (Robert Sim, robert@johnkerr.com.au). No street address on LandGipps contact page."
Landmack Developments,,,0437 532 398,MatthewTunbridge@jelliscraig.com.au,Ballarat VIC,https://www.carringum.com.au/,Not publicly verified (),,Ballarat: Carringum Ballarat (Winter Valley) | Ballarat – Winter Valley: Carringum Ballarat (Selling),Tier A,Masterplanned residential,,,,Yes,,,web:- phone:Research email:Research,,"Only email published on Carringum estate site is the selling agent's (Matthew Tunbridge, Jellis Craig Ballarat) business email; no developer email found. No company website found in sources; estate listing: https://www.openlot.com.au/carringum-ballarat-estate-winter-valley"
Landream,,https://landream.com.au/,03 8638 7777,enquiries@landream.com.au,Melbourne VIC,https://landream.com.au/contact/,,,Victoria: Current Victorian developer / portfolio listing,Tier B,Apartments; commercial; UDIA: Developer,Developer - Apartments;Developer - Commercial/Retail,,,Yes,Yes,,web:UDIA phone:Research email:Research,,
Lauders Group,,,03 9639 4705,,Beveridge VIC,,Not publicly verified (),,Beveridge: Glenmore (Beveridge) | Beveridge – Beveridge: Glenmore (Selling / mature),Tier A,Residential land,,,,Yes,,,web:- phone:Research email:-,,Contact form only (laudersred.com.au / lauders.com.au); head office Level 1/49 Exhibition St Melbourne. No company website found in sources; estate listing: https://www.openlot.com.au/glenmore-estate-beveridge
Launch Housing,,https://www.launchhousing.org.au/,03 9288 9600,info@launchhousing.org.au,Collingwood VIC,,,,,,UDIA: Not for Profit,Developer - Community Housing,,,,Yes,,web:UDIA phone:UDIA email:UDIA,,
LBDG Developer,LBDG Developer Pty. Ltd.,https://www.lovelybanks.com.au,03 9542 4854,Contact form only,Armadale VIC,,,,Victoria: Current Victorian developer / portfolio listing,Tier B,Property development; UDIA: Developer,Developer - Commercial/Retail;Developer - Greenfield;Developer - Residential / Masterplanned,,,Yes,Yes,,web:UDIA phone:Research email:-,,contact form only on lovelybanks.com.au; no email published
Lendlease,,https://www.lendlease.com,(03) 9643 0000,Contact form only,"Level 14, Two Melbourne Quarter, 697 Collins Street, Docklands VIC 3008",https://www.lendlease.com/contact-us/,,,Victoria: Current Victorian developer / portfolio listing,Tier B,Apartments; commercial; communities; urban renewal,,Yes,,Yes,,,web:Research phone:Research email:-,,"Melbourne office details. No general email; enquiry form only. IMPORTANT: as of 29 Nov 2024, Stockland (with Supalai) acquired Lendlease's Victorian communities (Atherstone, Aurora, Averley, Harpley) per communities.lendlease.com/victoria/. Victorian community enquiries may now sit with Stockland."
Lifestyle Communities,,https://www.lifestylecommunities.com.au/,03 9682 2249,investor.relations@lifestylecommunities.com.au,South Melbourne VIC,https://www.lifestylecommunities.com.au/investor-centre/share-registry-information,,,Victoria: Current Victorian developer / portfolio listing,Tier B,Land lease; seniors residential; UDIA: Developer,Developer - Retirement / Seniors Living,,,Yes,Yes,,web:UDIA phone:Research email:Research,,Investor relations email; general/sales enquiries via contact form (1300 50 55 60)
Little Projects,,https://littleprojects.com.au/,,info@littleprojects.com.au,Melbourne / Victoria,https://www.littleprojects.com.au/contact/,,,Victoria: Current Victorian developer / portfolio listing,Tier B,Apartments; townhouses,,,,Yes,,,web:Workbook phone:- email:Research,,No phone published on contact page
LK Property Group,,https://lkproperty.com.au/,,enquiries@lkg.com.au,Melbourne / Victoria,https://www.lkproperty.com.au/contact,,,Victoria: Current Victorian developer / portfolio listing,Tier B,Apartments; mixed use,,,,Yes,,,web:Workbook phone:- email:Research,,Footer email (lkg.com.au domain); no phone published
Local Residential,Local: Residential Pty Ltd,https://www.localresidential.com.au/,,hello@localresidential.com.au,Kensington VIC,,,,Victoria: Current Victorian developer / portfolio listing,Tier B,Build-to-rent; UDIA: Developer,Developer - Build to Rent,,,Yes,Yes,,web:UDIA phone:- email:UDIA,,
LOGOS,,https://www.logosproperty.com/,,Contact form only,Victoria,,,,Victoria: Current Victorian developer / portfolio listing,Tier B,Industrial; logistics,,,,Yes,,,web:Workbook phone:- email:-,,"no email published; logosproperty.com now redirects to ESR group site (LOGOS is part of ESR) - see ESR Australia entry (co-sec@esr.com, 02 9186 4700)"
Lotus Living,,https://www.lotusliving.com.au/,03 9698 7400,jakeb@lotusliving.com.au,Point Cook VIC,https://silverwoodsresort.com.au/live/,,,Victoria: Current Victorian developer / portfolio listing,Tier B,Commercial; greenfield; residential; UDIA: Developer,Developer - Commercial/Retail;Developer - Greenfield;Developer - Residential / Masterplanned,,,Yes,Yes,,web:UDIA phone:Research email:Research,,"Named staff sales contact (Jake B., 0459 369 820) on Lotus Living project site Silverwoods Resort; lotusliving.com.au has contact form only (phone 0474 444 504)"
Lowe Living,,https://loweliving.com.au/,03 9598 7357,info@loweliving.com.au,Sandringham VIC,,,,Victoria: Current Victorian developer / portfolio listing,Tier B,Apartments; townhouses; UDIA: Developer,Developer - Apartments;Developer - Medium Density / Townhouse,,,Yes,Yes,,web:UDIA phone:UDIA email:UDIA,,
Maax Global,,,03 9117 5425,info@maaxglobal.com.au,Geelong / Victoria,https://m.facebook.com/100063886400400/about/,Not publicly verified (),,Geelong: Creekview at Dalgona (Mount Duneed) | Geelong – Mount Duneed: Creekview at Dalgona (Selling),Tier A,Residential; townhouses,,,,Yes,,,web:- phone:Research email:Research,,From Maax Global Facebook page About section. Staff email amber@maaxglobal.com.au also published (Dalgona estate Facebook). No company website found in sources; estate listing: https://www.openlot.com.au/creekview-dalgona-estate-mount-duneed
MAB Corporation,MAB,https://www.mab.com.au,+61 3 8681 2222,enquiries@mab.com.au,"Level 5, 441 St Kilda Road, Melbourne VIC 3004 (PO Box 7657, St Kilda Road VIC 3004)",https://www.mab.com.au/contact/,,,Victoria: Current Victorian developer / portfolio listing,Tier B,Apartments; commercial; greenfield; industrial; residential; UDIA: Developer,Developer - Apartments;Developer - Commercial/Retail;Developer - Greenfield;Developer - Industrial;Developer - Residential / Masterplanned,Yes,,Yes,Yes,,web:Research phone:Research email:Research,Other emails: UDIA info@mab.com.au,"Media: media@mab.com.au, +61 3 8681 2268."
Marlton Group,,https://montanakilmore.com.au,+61 438 555 498,montana@rpmgrp.com.au,"6 McIvors Road, Kilmore VIC 3764 (estate sales office)",https://montanakilmore.com.au/contact/,,,Kilmore: Montana Estate — Active Kilmore land estate; ownership entity being traced,Pending,,,,Yes,,,,web:Research phone:Research email:Research,,"Developer of Montana Estate, Kilmore per Openlot listing. No Marlton Group website/contacts found; phone/email/address are the Montana estate sales office run by project marketer RPM Group."
McMullin,,https://www.mcmullin.com.au/,03 9831 8900,info@mcmullin.com.au,Camberwell VIC,,,,Victoria: Current Victorian developer / portfolio listing,Tier B,Apartments; commercial; greenfield; industrial; investment; UDIA: Developer,Developer - Apartments;Developer - Commercial/Retail;Developer - Greenfield;Developer - Industrial;Developer - Investor,,,Yes,Yes,,web:UDIA phone:UDIA email:UDIA,,
Melbournia Group,,https://melbourniagroup.com.au/,03 9078 2188,admin@melbourniagroup.com.au,St Kilda VIC,https://www.melbourniagroup.com.au/assets/388/Media-Release-Couture-Armadale-02-Final-.pdf,,,Victoria: Current Victorian developer / portfolio listing,Tier B,Property development; UDIA: Developer,Real Estate - Property Leasing;Real Estate - Property Sales,,,Yes,Yes,,web:UDIA phone:Research email:Research,,From company media release PDF on own site
MetDev,,https://metdev.com.au/portfolio/provenance-huntly-vic/,03 8080 1561,info@metdev.com.au,Bendigo / Victoria,https://metdev.com.au/contact-us/,Brendan Maletto (CEO & Director),info@metdev.com.au,Bendigo: Provenance (Huntly) | Bendigo – Huntly: Provenance (Ongoing to 2035),Tier A,Masterplanned residential; development management,,,,Yes,,,web:Workbook phone:Research email:Research,,Metropolis Development Group contact page (also 1300 678 888). sales@metdev.com.au on their Facebook page.
Metricon Homes,,https://www.metricon.com.au/,03 9915 5555,customerservice@metricon.com.au,Mount Waverley VIC,https://www.metricon.com.au/contact-us,,,Victoria: Current Victorian developer / portfolio listing,Tier B,Greenfield; townhouses; residential; builder/developer; UDIA: Developer,Developer - Greenfield;Developer - Medium Density / Townhouse;Developer - Residential / Masterplanned,,,Yes,Yes,,web:UDIA phone:Research email:Research,,General enquiries email; customer care: customercare@metricon.com.au
Milieu,,https://milieu.com.au/,03 9699 5000,info@milieuproperty.com.au,Melbourne / Victoria,https://milieuproperty.com.au/contact/,,,Victoria: Current Victorian developer / portfolio listing,Tier B,Apartments; townhouses; build-to-rent,,,,Yes,,,web:Workbook phone:Research email:Research,,General enquiries (site now milieuproperty.com.au); sales: patrick@milieuproperty.com.au
Mirvac,,https://www.mirvac.com,+61 3 9695 9400,viccustomer@mirvac.com,"Level 8, 1 Southbank Boulevard, Southbank VIC 3006",https://www.mirvac.com/contact,,,Victoria: Current Victorian developer / portfolio listing,Tier B,Apartments; commercial; build-to-rent; mixed use,,Yes,,Yes,,,web:Research phone:Research email:Research,,"Melbourne office address and phone are from /contact. The email is the VIC Customer Relationship Team address (phone +61 3 9695 9408), from https://www.mirvac.com/contact/contact-us. No general corporate email is published. Head office is Sydney: Level 28, 200 George St, +61 2 9080 8000."
Miura Group,,,1300 667 995,info@miuragroup.com.au,Beveridge VIC,https://miuragroup.com.au/contact.html,Penny Sun (Group lead / principal),info@miuragroup.com.au,Beveridge: Beveridge Central (Beveridge) | Beveridge – Beveridge: Beveridge Central (Selling),Tier A,Residential land,,,,Yes,,,web:- phone:Research email:Research,,"Company contact page, 548 Burwood Rd Hawthorn. No company website found in sources; estate listing: https://www.openlot.com.au/beveridge-central-estate-beveridge"
Monash Views Pty Ltd,,https://monashviews.com.au/,0498 519 608,info@monashviews.com.au,"Coach Rd, Newborough VIC 3825 (estate location)",https://monashviews.com.au/,,,"Moe: Monash Views Estate, Coach Rd / Monash Rd, Newborough (220+ lots, adjoining Yallourn Golf Club)",,,,,,,,Yes,web:Research phone:Research email:Research,,"Developer company Monash Views Pty Ltd headed by Don McKenzie and Meaghan Hughes (Latrobe Valley Express). Phone 0498 519 608 and sarahb@chalmer.com.au shown on estate site alongside selling agents Sarah Bedggood & Chris Morrison (selling agent contact, not developer direct). Landscape/civil by Arcos Group. Selling agent is Chalmer Real Estate (Graham Chalmer), office 03 5144 4333, agent Sarah Bedggood sarahb@chalmer.com.au (chalmer.com.au staff page)."
Monno,MONNO; MONNO Pty Ltd,https://monno.com.au,+61 3 8547 7477,info@monno.com.au,"Level 2, 28 Clarendon Street, Southbank VIC 3006",https://monno.com.au/contact/,,,"Geelong: $130 million Stella Maris, Rippleside | Victoria: Current Victorian developer / portfolio listing",Medium–High,Apartments; commercial; industrial; residential; UDIA: Developer,Developer - Apartments;Developer - Commercial/Retail;Developer - Industrial;Developer - Residential / Masterplanned,Yes,Yes,Yes,Yes,,web:Research phone:Research email:Research,,"MONNO (formerly CostaFox), developer of Stella Maris, 39 Bay St, Rippleside, Geelong."
Montego Homes,,,,,Geelong VIC,,No active outreach contact (Company entered administration in Jan 2024),,Geelong: Creekview at Dalgona (Mount Duneed) | Geelong – Mount Duneed: Creekview at Dalgona (Selling),Tier A,Residential; builder/developer,,,,Yes,,,web:- phone:- email:-,,No email published; builder collapsed into liquidation in 2024 (VBA suspended director registration; state compensation scheme). No company website found in sources; estate listing: https://www.openlot.com.au/creekview-dalgona-estate-mount-duneed
Moremac Property Group,,https://moremac.com.au,03 9851 3307,support@moremac.com.au,"Suite 11, 860 Doncaster Road, Doncaster East VIC 3109",https://moremac.com.au/contact/,,,Victoria: Current Victorian developer / portfolio listing,Tier B,Greenfield; townhouses; masterplanned residential; UDIA: Developer,Developer - Greenfield;Developer - Medium Density / Townhouse;Developer - Residential / Masterplanned,Yes,,Yes,Yes,,web:Research phone:Research email:Research,Phone differs: Workbook 03 9851 3300; UDIA 03 9851 3300; Research 03 9851 3307,"The page footer gives postcode 3108. The main contact block says 3109, which is the correct Doncaster East postcode."
Morgan & Griffin,,https://oakdeneestate.com.au,(03) 9650 2516,oakdene@morgangriffin.com.au,"Level 28, 101 Collins St, Melbourne VIC 3000 (postal: PO Box 16057, Collins Street West VIC 8007)",https://oakdeneestate.com.au/oakdene-estate/oakdene-estate-morgan-griffin/,,,Victoria: Current Victorian developer / portfolio listing,Tier B,Greenfield; residential; UDIA: Developer,Developer - Greenfield;Developer - Residential / Masterplanned,Yes,,Yes,Yes,,web:Research phone:Research email:Research,,"No standalone corporate website found. D&B lists Morgan & Griffin Pty Ltd at L28, 101 Collins St, Melbourne with website oakdeneestate.com.au (Oakdene Estate, Ocean Grove). The phone, email and PO Box come from the Oakdene Design Guidelines PDF (oakdeneestate.com.au/wp-content/uploads/2020/02/Oakdene-Design-Guidelines-Rev-20180411.pdf). The email is project-specific and the PDF is from 2018, so check it is current. Estate selling agent: Kerleys Coastal, 03 5258 4100, oakdene@kerleys.com.au. MD: Nicholas O'Donohue."
Mount Atkinson Holdings,Mount Atkinson Holdings Pty Ltd,https://www.mountatkinson.com/,03 8609 9060,Contact form only,Melbourne VIC,,,,Victoria: Current Victorian developer / portfolio listing,Tier B,Commercial; greenfield; residential; UDIA: Developer,Developer - Commercial/Retail;Developer - Greenfield;Developer - Residential / Masterplanned,,,Yes,Yes,,web:UDIA phone:Research email:-,,no current email published; mountatkinson.com now serves an unrelated bar menu (domain appears lapsed/repurposed). A 2018 VPA planning submission listed director Sean Pinan at sean@mountatkinson.com - not recorded as likely dead/third-party domain
Narracan Meadows developer (entity not identified),,https://www.keithwilliams.com.au/,03 5174 7777,Contact form only,"37-39 Franklin Street, Traralgon VIC 3844",https://www.keithwilliams.com.au/,,,"Moe: Narracan Meadows, 90-112 & 120 Old Sale Road, Newborough (~67 lots)",,,,,,,,Yes,web:Research phone:Research email:-,,"Developer/landowner entity not found publicly. Latrobe Valley Express reported former Carlton footballer Greg Williams as an investor involved with Narracan Meadows (and Lake Narracan). Engineering drawings (Millar Merrigan) hosted by Keith Williams Real Estate, so contacts recorded are the selling agent: Keith Williams Real Estate, Traralgon."
Neometro,,https://neometro.com.au/,03 9534 7774,info@neometro.com.au,Melbourne / Victoria,https://neometro.com.au/contact,,,Victoria: Current Victorian developer / portfolio listing,Tier B,Apartments; mixed use; urban renewal,,,,Yes,,,web:Workbook phone:Research email:Research,,Also sales@neometro.com.au
Newland Developers,Newland Developments,https://www.newland.com.au,,info@newland.com.au,"2/615 Dandenong Road, Armadale VIC 3143 (mail: Suite 2.02 and PO Box 675, Malvern VIC 3144)",https://www.newland.com.au/contact-us,Gideon Kline (Managing Director / Director),info@newland.com.au,"Beveridge: Mandalay — approximately 2,050-lot community | Geelong; Beveridge: Warralily (Armstrong Creek); Lovely Banks (Lovely Banks); Mandalay (Beveridge) | Geelong – Armstrong Creek: Warralily (Selling / mature) | Geelong – Lovely Banks: Lovely Banks (Planning) | Beveridge – Beveridge: Mandalay (Selling / mature) | Beveridge – Beveridge: The Greens at Mandalay (Selling)",Very high,Masterplanned residential,,Yes,Yes,Yes,,,web:Research phone:- email:Research,,"Now branded Newland Developments. Developer of Mandalay, Beveridge (with Urbex). No phone on the contact page. ZoomInfo lists +61 3 9915 5555 at an older Mount Waverley address (497 Blackburn Rd, linked to Metricon). That number is unverified and was not recorded. No company website found in sources; estate listing: https://www.openlot.com.au/warralily-promenade-central-estate-armstrong-creek"
Nexus Developments,,https://nexusdevelopments.com.au,+61 3 9460 1865,info@nexusdevelopments.com.au,"314/101 Overton Rd, Williams Landing VIC 3027",https://nexusdevelopments.com.au/contact-us/,,,"Beveridge: Delivered The Clan Estate; useful for future acquisitions, although this project is completed",Medium,,,Yes,Yes,,,,web:Research phone:Research email:Research,,"Confirmed developer of The Clan Estate, Beveridge, which is listed in the project selector on the contact form."
Nightingale Housing,,https://www.nightingalehousing.org/,,info@nightingalehousing.org,Melbourne / Victoria,https://www.nightingalehousing.org/about/contact,,,Victoria: Current Victorian developer / portfolio listing,Tier B,Apartments; affordable / community housing,,,,Yes,,,web:Workbook phone:- email:Research,,General enquiries; commercial@nightingalehousing.org for commercial & partnerships
Oakbridge Developments,,,0499 499 148,nick@obdev.com.au,Bendigo VIC,https://www.oakbridgedevelopments.com.au/contact/,Nick Ellis (Publicly associated principal; title not exposed),,Bendigo: The Avenue (Flora Hill) | Bendigo – Flora Hill: The Avenue (Selling / recent),Tier A,Residential land,,,,Yes,,,web:- phone:Research email:Research,,Only email on company site is Nick Ellis's business email (named contact); otherwise contact form. No company website found in sources; estate listing: https://www.openlot.com.au/avenue-estate-flora-hill
Okeland Communities,,https://www.okeland.com.au/,08 9217 3600,Contact form only,Subiaco WA,,,,Victoria: Current Victorian developer / portfolio listing,Tier B,Greenfield; residential; UDIA: Developer,Developer - Greenfield;Developer - Residential / Masterplanned,,,Yes,Yes,,web:UDIA phone:Research email:-,,No email published on contact page (phone/fax only; Perth head office)
Oreana,Oreana Property,https://oreana.com.au,+61 3 9804 7113,info@oreana.com.au,"Level 17, 627 Chapel Street, South Yarra VIC 3141",https://oreana.com.au/contact/,,,Victoria: Current Victorian developer / portfolio listing,Tier B,Commercial; greenfield; townhouses; residential; UDIA: Developer,Developer - Commercial/Retail;Developer - Greenfield;Developer - Medium Density / Townhouse;Developer - Residential / Masterplanned,Yes,,Yes,Yes,,web:Research phone:Research email:Research,Website differs: Workbook https://oreanaproperty.com/; UDIA https://www.oreanaproperty.com/; Research https://oreana.com.au,"Melbourne office. Founded by Tony and Steven Sass. Also has Sydney, Brisbane and Hong Kong offices."
Orion International Group,,https://www.orionig.com.au/,03 9678 0488,sales@orionig.com.au,Melbourne VIC,https://www.facebook.com/orionigau/,,,Victoria: Current Victorian developer / portfolio listing,Tier B,Apartments; seniors; UDIA: Developer,Developer - Apartments;Developer - Retirement / Seniors Living,,,Yes,Yes,,web:UDIA phone:Research email:Research,,From company's official Facebook page contact info (website has contact form only)
OSK Property,,https://www.oskproperty.com.my/,03 9686 5566,enquiry@oskp.com.my,Southbank VIC,https://oskproperty.com.my/,,,Victoria: Current Victorian developer / portfolio listing,Tier B,Apartments; commercial; UDIA: Developer,Developer - Apartments;Developer - Commercial/Retail,,,Yes,Yes,,web:UDIA phone:Research email:Research,,"Email is the parent OSK Property (Malaysia HQ) general enquiry address; Australian office (Level 2, 99 Queensbridge St, Southbank) lists phone only"
OYOB Property Group,,https://www.oyob.com.au,03 9818 1467,info@oyob.com.au,Hawthorn VIC,https://oyob.com.au/contact/,,,Victoria: Current Victorian developer / portfolio listing,Tier B,Greenfield; townhouses; residential; UDIA: Developer,Developer - Greenfield;Developer - Medium Density / Townhouse;Developer - Residential / Masterplanned,,,Yes,Yes,,web:UDIA phone:Research email:Research,,
Pace Development Group,,https://pacedg.com.au/,1300 722 334,enquiries@pacedg.com.au,St Kilda VIC,https://pacedg.com.au/contact/,,,Victoria: Current Victorian developer / portfolio listing,Tier B,Apartments; UDIA: Developer,Developer - Apartments,,,Yes,Yes,,web:UDIA phone:Research email:Research,,Also media@pacedg.com.au (press/partnerships)
Parklea,,https://parkleadevelopments.com.au/,03 5940 0050,contactus@parklea.com,Officer VIC,https://parkleadevelopments.com.au/contact/,,,,,UDIA: Developer,Developer - Greenfield;Developer - Residential / Masterplanned,,,,Yes,,web:UDIA phone:Research email:Research,,
Pask Group,,https://www.nevpask.com.au/,03 9605 2999,reception@nevpask.com.au,Melbourne VIC,,,,,,UDIA: Developer,Developer - Apartments;Developer - Commercial/Retail;Developer - Greenfield;Developer - Medium Density / Townhouse;Developer - Residential / Masterplanned,,,,Yes,,web:UDIA phone:UDIA email:UDIA,,
PDG Corporation,,https://www.pdg.com.au/,03 9662 9996,info@pdg.com.au,Melbourne / Victoria,https://pdg.com.au/contact/,,,Victoria: Current Victorian developer / portfolio listing,Tier B,Apartments; commercial; civic; mixed use,,,,Yes,,,web:Workbook phone:Research email:Research,,
Peet,Peet Limited,https://www.peet.com.au,(03) 9868 5900,melbourne@peet.com.au,"Level 4, 380 St Kilda Road, Melbourne VIC 3004",https://www.peet.com.au/contact-us/,,,Victoria: Current Victorian developer / portfolio listing,Tier B,Greenfield; masterplanned residential; UDIA: Developer,Developer - Greenfield;Developer - Residential / Masterplanned,Yes,,Yes,Yes,,web:Research phone:Research email:Research,Phone differs: Workbook 03 9868 5903; UDIA 03 9868 5903; Research (03) 9868 5900,"Victorian corporate office (Peet Estates (VIC) Pty Ltd). Community enquiries: community.vic@peet.com.au. Head office is Perth: Level 7, 200 St Georges Tce, (08) 9420 1111."
Pellicano,,https://pellicano.com.au/,03 8562 4300,info@pellicano.com.au,Melbourne / Victoria,https://www.pellicano.com.au/contact/,,,Victoria: Current Victorian developer / portfolio listing,Tier B,Commercial; industrial; residential; build-to-rent,,,,Yes,,,web:Workbook phone:Research email:Research,,Mt Waverley VIC office
Pelligra Group,,https://pelligra.com/,03 9307 4555,info@pelligra.com,Melbourne / Victoria,https://www.pelligra.com/contact/,,,Victoria: Current Victorian developer / portfolio listing,Tier B,Industrial; commercial; urban renewal,,,,Yes,,,web:Workbook phone:Research email:Research,,
Perri Projects,Perri Group,https://www.perriprojects.com/,03 8609 9060,info@perriprojects.com,South Melbourne VIC,https://www.perriprojects.com/contact/,,,Victoria: Current Victorian developer / portfolio listing,Tier B,Apartments; commercial; industrial; UDIA: Developer,Developer - Apartments;Developer - Commercial/Retail;Developer - Industrial,,,Yes,Yes,,web:UDIA phone:Research email:Research,,Also info@perri-group.com and erin@perriprojects.com (named staff) listed
Piccolo,Piccolo Developments,https://piccolo.house/,03 9349 0000,piccolo@piccolo.house,South Melbourne VIC,https://piccolo.house/contact/,,,Victoria: Current Victorian developer / portfolio listing,Tier B,Apartments; UDIA: Developer,Developer - Apartments,,,Yes,Yes,,web:UDIA phone:Research email:Research,,General enquiries
Prime Edition,,https://primeedition.com.au/,03 7019 9609,enquiries@primeedition.com.au,Southbank VIC,,,,Victoria: Current Victorian developer / portfolio listing,Tier B,Property development; UDIA: Developer,,,,Yes,Yes,,web:UDIA phone:UDIA email:UDIA,,
Providence Properties,,,,,Kilmore VIC,,Not publicly verified (),,Kilmore: The Stables Townhomes (Kilmore) | Kilmore – Kilmore: The Stables Townhomes (Selling / recent),Tier A,Townhouses,,,,Yes,,,web:- phone:- email:-,,Contact form only (thestableskilmore.com.au/contact-us); project marketed by Engage Project Marketing. No company website found in sources; estate listing: https://www.openlot.com.au/stables-townhomes-kilmore
Quintessential,,https://quintessential.com.au/,03 9914 2214,info@quintessential.com.au,Victoria,https://www.quintessential.com.au/contact,,,Victoria: Current Victorian developer / portfolio listing,Tier B,Commercial; industrial; office,,,,Yes,,,web:Workbook phone:Research email:Research,,
Ramsey Property Group,,https://www.ramseypropertygroup.com.au,03 5255 4407,info@ramseypg.com.au,South Yarra VIC,https://www.ramseypropertygroup.com.au/enquire/,,,Victoria: Current Victorian developer / portfolio listing,Tier B,Greenfield; residential; UDIA: Developer,Developer - Greenfield;Developer - Residential / Masterplanned,Yes,,Yes,Yes,,web:Research phone:Research email:Research,,"Bellarine/Geelong-based family land developer (est. 1983). The site says only 'Offices in South Yarra & Queenscliff' and gives no street address. The email is from the company's own enquire page. The phone is from the DA Leads directory (daleads.com.au/directory/ramsey-property-group), not the company site."
Resimax Group,,https://www.resimaxgroup.com.au/,1300 858 190,info@resimaxgroup.com.au,Melbourne VIC,,Callan Ainsaar (Chief Investment Officer),info@resimaxgroup.com.au,Beveridge: Talisen (Beveridge); Tàrà (Beveridge) | Beveridge – Beveridge: Talisen (Selling) | Beveridge – Beveridge: Tàrà (Selling),Tier A,Greenfield; townhouses; residential; UDIA: Developer,Developer - Greenfield;Developer - Medium Density / Townhouse;Developer - Residential / Masterplanned,,,Yes,Yes,,web:UDIA phone:UDIA email:UDIA,,
Resi Ventures,Resi Ventures Pty Ltd,https://resiventures.com.au/,1300 031 260,land@resiventures.com.au,Park Orchards VIC,https://resiventures.com.au/contact-us/,Rodney Mifsud (National Director of Acquisitions),land@resiventures.com.au,Beveridge: Timbarra (Beveridge) | Beveridge – Beveridge: Timbarra (Selling),Tier A,Greenfield; townhouses; residential; UDIA: Developer,Developer - Greenfield;Developer - Medium Density / Townhouse;Developer - Residential / Masterplanned,,,Yes,Yes,,web:UDIA phone:Research email:Research,,"Company contact page, 16 Stephenson St Cremorne."
Risland,Risland Australia,https://risland.com.au,03 8639 0469,info@risland.com.au,"275 Greens Road, Mambourin VIC 3024",https://risland.com.au/contact-us/,,,Victoria: Current Victorian developer / portfolio listing,Tier B,Greenfield; residential; UDIA: Developer,Developer - Greenfield;Developer - Residential / Masterplanned,Yes,,Yes,Yes,,web:Research phone:Research email:Research,,"Risland Australia (part of Risland/Country Garden group). The address is the Melbourne office listed on the site. Sydney office: Suite 9.05, Level 9, 12 Help St, Chatswood NSW 2067, 02 9283 8388."
Riverlee,,https://www.riverlee.com.au,+61 3 9620 3888,admin@riverlee.com.au,"Level 17, 379 Collins Street, Melbourne VIC 3000",https://www.riverlee.com.au/#contact-form,Kevin Lee (Managing Director),,Geelong: Northern Geelong Growth Area landowner consortium | Geelong: Lovely Banks (Lovely Banks) | Geelong – Lovely Banks: Lovely Banks (Planning),High,Apartments; commercial; greenfield; industrial; residential; UDIA: Developer,Developer - Apartments;Developer - Commercial/Retail;Developer - Greenfield;Developer - Industrial;Developer - Residential / Masterplanned,Yes,Yes,Yes,Yes,,web:Research phone:Research email:Research,,Phone/address from site contact section; contact page itself is a form. admin@riverlee.com.au is published on https://www.riverlee.com.au/privacy-policy/ (privacy/access-request address; no other general email published). Riverlee is a Lovely Banks Development Group (Northern Geelong Growth Area) consortium member.
RW Developments Pty Ltd,,https://www.thorsen.com.au/project/1,0433 311 100,ashley@thorsen.com.au,Kilmore VIC,https://www.thorsen.com.au/project/1,Not publicly verified (),,Kilmore: Parkview (Kilmore) | Kilmore – Kilmore: Parkview (Selling),Tier A,Residential land,,,,Yes,,,web:Workbook phone:Research email:Research,,"No developer email found; this is the selling agent's (Ashley Thorsen, Thorsen New Homes Kilmore) business email on the Parkview Estate project page."
Salta Properties,,https://www.salta.com.au/,03 9673 1111,info@salta.com.au,Melbourne / Victoria,https://www.salta.com.au/,,,Victoria: Current Victorian developer / portfolio listing,Tier B,Industrial; logistics; commercial; residential,,,,Yes,,,web:Workbook phone:Research email:Research,,From site footer
Salvo Property Group,,https://salvopropertygroup.com.au/,03 7042 0700,enquiry@salvo.net.au,Melbourne / Victoria,http://salvo.net.au/contact/,,,Victoria: Current Victorian developer / portfolio listing,Tier B,Apartments; build-to-rent,,,,Yes,,,web:Workbook phone:Research email:Research,,"Listed website domain does not resolve; current site salvo.com.au shows phone only. Email from Salvo's older (still live) site salvo.net.au, which also lists cs@salvo.net.au and pm@salvo.net.au; old site sales phone 03 9667 0444"
Satterley,Satterley Property Group,https://satterley.com.au,(03) 9223 6700,info@satterley.com.au,"Level 10, 5 Queens Road, Melbourne VIC 3004 (PO Box 33244, Domain LPO, Melbourne VIC 3004)",https://satterley.com.au/contact/corporate-offices/,,,Victoria: Current Victorian developer / portfolio listing,Tier B,Commercial; greenfield; masterplanned residential; UDIA: Developer,Developer - Commercial/Retail;Developer - Greenfield;Developer - Residential / Masterplanned,Yes,,Yes,Yes,,web:Research phone:Research email:Research,Other emails: UDIA vic.office@satterly.com.au,"Melbourne office phone shown; general enquiries line is (08) 9368 9000 (Perth HQ, Level 3, 27-31 Troode St, West Perth). info@satterley.com.au is the 'Email us' link on the corporate offices page."
Scannell Properties,,https://www.scannellproperties.com/,,Contact form only,Victoria,,,,Victoria: Current Victorian developer / portfolio listing,Tier B,Industrial; logistics,,,,Yes,,,web:Workbook phone:- email:-,,No email published; US HQ (Indianapolis) phone only (+1 317 843 5959). Only email on site is a PR-agency media contact. No Australian contact found
Seebeck Group Enterprise,Seebeck Group Enterprise Pty Ltd,,0438 357 020,sales@seebeckgroup.com.au,Warragul VIC,https://www.seebeckgroup.com.au/contact,,,Victoria: Current Victorian developer / portfolio listing,Tier B,Residential; regional Victoria; UDIA: Developer,Developer - Residential / Masterplanned,,,Yes,Yes,,web:- phone:Research email:Research,,"Website seebeckgroup.com.au (estates in Berwick, Drouin, Warragul)"
Sentinel,,https://www.sentinelpg.com.au/,03 9989 2810,contact@sentinelpg.com.au,Melbourne VIC,https://www.sentinelpg.com.au/privacy-policy/,,,,,UDIA: Developer,Developer - Investor,,,,Yes,,web:UDIA phone:Research email:Research,,"Published in company privacy policy (Brisbane HQ, 07 3733 1660); also investorrelations@sentinelpg.com.au"
Serenitas Management Pty Ltd,,https://serenitas.com.au/,,info@serenitas.com.au,Sydney NSW,,,,,,UDIA: Developer,Developer - Greenfield,,,,Yes,,web:UDIA phone:- email:UDIA,,
SIG Group,,https://siggroup.com.au,03 9998 2408,admin@siggroup.com.au,"Level 9, 5 Queens Road (Suite 1), Melbourne VIC 3004",https://siggroup.com.au/contact/,Not publicly verified (),admin@siggroup.com.au,Beveridge: Merri Park (Beveridge) | Beveridge – Beveridge: Merri Park (Selling),Tier A,Greenfield; townhouses; residential; UDIA: Developer,Developer - Greenfield;Developer - Medium Density / Townhouse;Developer - Residential / Masterplanned,Yes,,Yes,Yes,,web:Research phone:UDIA email:Research,Other emails: UDIA admin@sinointegrity.com.au,"Company contact page is form only with address (no phone/email shown). admin@siggroup.com.au taken from SIG Group's Facebook page (facebook.com/SIGgroupau). No phone on official site; data aggregators conflict (RocketReach 1300 788 827, SignalHire 03 9958 2408) so phone left blank. Not to be confused with SIG Property Group (sigpropertygroup.com.au, Qld)."
SightStone,,https://www.sightstone.com/,03 9098 0712,admin@sightstone.com,Melbourne VIC,https://www.sightstone.com/,,,Victoria: Current Victorian developer / portfolio listing,Tier B,Greenfield; townhouses; residential; UDIA: Developer,Developer - Greenfield;Developer - Medium Density / Townhouse;Developer - Residential / Masterplanned,,,Yes,Yes,,web:UDIA phone:Research email:Research,,From home page footer
Simonds Homes Victoria,,https://www.simonds.com.au/,03 9682 0700,customer.success@simonds.com.au,Melbourne VIC,https://www.facebook.com/SimondsHomesAustralia/,,,,,UDIA: Developer,Developer - Greenfield;Developer - Medium Density / Townhouse;Developer - Residential / Masterplanned,,,,Yes,,web:UDIA phone:Research email:Research,,From company's official Facebook contact info (also cited by Simonds on ProductReview); website has contact form + 1300 746 663
Sinclair Brook,,https://www.sinclairbrook.com.au/,03 9938 9888,info@sinclairbrook.com.au,Melbourne VIC,,,,Victoria: Current Victorian developer / portfolio listing,Tier B,Apartments; UDIA: Developer,Developer - Apartments,,,Yes,Yes,,web:UDIA phone:UDIA email:UDIA,,
SJD Homes,SJD Marketing Pty Ltd T/as SJD Homes,https://www.sjdhomes.com.au/,03 5940 4206,info@sjdhomes.com.au,Officer VIC,https://www.sjdhomes.com.au/,,,Victoria: Current Victorian developer / portfolio listing,Tier B,Greenfield; townhouses; residential; builder/developer; UDIA: Developer,Developer - Greenfield;Developer - Medium Density / Townhouse;Developer - Residential / Masterplanned,,,Yes,Yes,,web:UDIA phone:Research email:Research,,From site footer mailto; footer also lists 03 9095 8000
SOHO Living,,https://www.soholiving.com.au,13 76 46,info@soholiving.com.au,"Unit 11, 41 Sabre Drive, Port Melbourne VIC 3207",https://www.soholiving.com.au/contact-us/,Luke Adams (Director),info@soholiving.com.au,Beveridge: The Greens at Mandalay (Beveridge) | Beveridge – Beveridge: The Greens at Mandalay (Selling),Tier A,Townhouses; residential; UDIA: Developer,Developer - Greenfield;Developer - Medium Density / Townhouse;Developer - Residential / Masterplanned,Yes,,Yes,Yes,,web:Research phone:Research email:Research,,"General enquiries email/phone from contact page (maintenance@soholiving.com.au for warranty). Head office address from LinkedIn/Birdeye (Facebook lists 9/435 Williamstown Rd, Port Melbourne). Builder and land developer; part of Mirrastone group."
Solovey,,https://solovey.com.au/ (estate site: https://north-quarter.com.au/),1300 885 590,info@solovey.com.au,"Level 10, 443 Toorak Rd, Toorak VIC 3142",https://solovey.com.au/contact/,,,"Moe – Newborough / Moe: North Quarter (Planning / development) | Moe: North Quarter / Nth Qtr Estate, Hayes Road, Newborough (~328 lots); Narracan Lakes Estate (formerly Turras Reach), 50 Hayes Road, Newborough (~636 lots, Lake Narracan PSP)",,,,,,Yes,,Yes,web:Research phone:Research email:Research,,"Developer attribution: OpenLot ('Solovey is the developer behind Nth Qtr Estate' and 'Narracan Lakes Estate'), Solovey logo on north-quarter.com.au, and realestatesource.com.au project update. Exact project SPV/landholding entity not stated publicly (north-quarter.com.au footer only '(c) 2022 North Quarter'). north-quarter.com.au lists 0407 600 709 and a 'Latitude' logo (likely the selling agent). Earlier Turras Reach permit (630+ lots) was held by a consortium incl. Pearse Morgan and Manny Gelagotis per Latrobe Valley Express. Solovey founded 2012 by Sasha and Larissa Soloveychik."
Southern Sustainable Developments,,https://ssdgroup.com.au/,03 5956 8830,info@ssd.au,Cowes VIC,http://ssdgroup.com.au/,,,Victoria: Current Victorian developer / portfolio listing,Tier B,Greenfield; residential; UDIA: Developer,Developer - Greenfield;Developer - Residential / Masterplanned,,,Yes,Yes,,web:UDIA phone:Research email:Research,,Seen on company home page (via search excerpt)
Springtree,,https://springtree.com.au/,1300 200 240,Contact form only,Melbourne VIC,,,,Victoria: Current Victorian developer / portfolio listing,Tier B,Seniors residential; UDIA: Developer,Developer - Retirement / Seniors Living,,,Yes,Yes,,web:UDIA phone:Research email:-,,Contact form only
SP Setia Australia,,https://spsetia.com/en-us/property/australia,,corp@spsetia.com,Melbourne / Victoria,https://spsetia.com/contact-us/,,,Victoria: Current Victorian developer / portfolio listing,Tier B,Apartments; mixed use,,,,Yes,,,web:Workbook phone:- email:Research,,Parent S P Setia Berhad corporate contact (Malaysia); no Australia-specific email published
Star Investment Group Australia (Star Marketing),,https://www.lakenarracan.com.au/,1300 11 STAR,info@starmarketing.com.au,"St Kilda Rd Towers, Level 2, Suite 216 Queens Rd Melbourne VIC 3004",https://www.lakenarracan.com.au/disclaimer/,,,"Moe: Lake Narracan Resort, 1 Sullivans Track, Yallourn / Lake Narracan (approx. 110 acres, ~350 dwellings planned)",,,,,,,,Yes,web:Research phone:Research email:Research,,"Developer named as Star Investment Group Australia in Mountain Assets press releases (AAP/GlobeNewswire 2024); lakenarracan.com.au lists Star Marketing (sales & marketing) and Beveridge Williams (consultant). Contact details verified on lakenarracan.com.au/disclaimer/ (company shown as 'Star Property Marketing'). Investor-side contact: Mountain Assets 1800 988 014, info@mountainassets.com.au. Note: public online threads from investors raise concerns about this scheme - verify before engaging."
Sterling Global,,https://www.sterlingglobal.com.au/,03 9629 8388,info@sterlingglobal.com.au,Melbourne VIC,,,,Victoria: Current Victorian developer / portfolio listing,Tier B,Property investment and development; UDIA: Developer,,,,Yes,Yes,,web:UDIA phone:UDIA email:UDIA,,
Stockland,,https://www.stockland.com.au,13 52 63,customercareteam@stockland.com.au,"Level 7, 452 Flinders Street, Melbourne VIC 3000",https://www.stockland.com.au/residential/buying-and-building/general-faqs,"Ed Krushka (General Manager, Communities – Victoria)",,Beveridge: Lyra (Beveridge) | Beveridge – Beveridge: Lyra (Selling),Tier A,Commercial; greenfield; townhouses; masterplanned residential; UDIA: Developer,Developer - Commercial/Retail;Developer - Greenfield;Developer - Medium Density / Townhouse;Developer - Residential / Masterplanned,Yes,,Yes,Yes,,web:Research phone:Research email:Research,Phone differs: Workbook 03 9095 5000; UDIA 03 9095 5000; Research 13 52 63,No single corporate contact page found (/contact-us 404s). Phone 13 52 63 and customercareteam@stockland.com.au appear on Stockland community contact pages (e.g. /residential/qld/aura/contact-us) and the residential FAQ page. Melbourne office address from Stockland LinkedIn; national HQ is in Sydney.
Storehouse Capital,,,0435 328 585,kin@hayeswinckle.com.au,Geelong region VIC,https://www.mattana.com.au/,No active outreach contact (Restructuring practitioner appointed 23 Apr 2025),,Geelong: Mattana (Mount Duneed) | Geelong – Mount Duneed: Mattana (Selling),Tier A,Masterplanned residential; investment,,,,Yes,,,web:- phone:Research email:Research,,"No developer email found; this is the selling agent's (Kin Sawhney, Hayes Winckle) business email on the Mattana estate site. No company website found in sources; estate listing: https://www.openlot.com.au/mattana-estate-mount-duneed"
Sunkin Property Group,,https://sunkin.com.au/,13 68 88,office@sunkin.com.au,Melbourne VIC,,,,Victoria: Current Victorian developer / portfolio listing,Tier B,Apartments; townhouses; residential; UDIA: Developer,Developer - Apartments;Developer - Medium Density / Townhouse;Developer - Residential / Masterplanned,,,Yes,Yes,,web:UDIA phone:UDIA email:UDIA,,
Sunrise Ventures,,,,,,,,,Geelong: Northern Geelong Growth Area consortium,High,,,Yes,Yes,,,,web:- phone:- email:-,,"Northern Geelong Growth Area: one of four landowners in the Lovely Banks Development Group (with Riverlee, Bamfa Properties, Costa Asset Management; Newland Developers is development partner). AFR describes it as a company co-owned by Peter Davis and Stephen Hay. No website or public contact details found; approach via LBDG partners (e.g. Riverlee)."
SYP Property,,https://syproperty.com/,03 9600 0590,info@syproperty.com,South Yarra VIC,,,,Victoria: Current Victorian developer / portfolio listing,Tier B,Greenfield; townhouses; residential; UDIA: Developer,Developer - Greenfield;Developer - Medium Density / Townhouse;Developer - Residential / Masterplanned,,,Yes,Yes,,web:UDIA phone:UDIA email:UDIA,,
The Corcoris Group Developments Pty Ltd,,https://www.ooranyaestate.com.au,1300 035 791,sales@ooranyaestate.com.au,"36 Whiteside Street, Beveridge VIC 3753 (estate sales office)",https://www.ooranyaestate.com.au/,,,Beveridge: Ooranya Estate — Major operating Beveridge estate; developer entity being verified,Pending,,,,Yes,,,,web:Research phone:Research email:Research,,"Ooranya Estate, Beveridge. Estate documents name The Corcoris Group Developments Pty Ltd as developer, with the estate managed by TCG Construction Services Pty Ltd on behalf of the landowners; Landsales lists the developer as Ooranya Estate Pty Ltd. Sales handled by Bevan Projects. Phone/email verified on ooranyaestate.com.au; sales office address from search snippet. No developer company website found."
The Range (Trafalgar) Pty Ltd,,,,,,,,,"Moe: Proposed residential subdivision fronting Princes Highway, Trafalgar (Baw Baw Shire; part of 665-lot applications)",,,,,,,,Yes,web:- phone:- email:-,,"Trafalgar fringe (Baw Baw Shire, not Latrobe). Named as owner/applicant in Warragul & Drouin Gazette (2021). No contacts found."
The Village Building Company,,https://www.villagebuilding.com.au/,02 6241 6844,reception@villagebuilding.com.au,Mitchell ACT,https://villagebuilding.com.au/contact/,,,Victoria: Current Victorian developer / portfolio listing,Tier B,Apartments; greenfield; townhouses; masterplanned; UDIA: Developer,Developer - Apartments;Developer - Greenfield;Developer - Medium Density / Townhouse;Developer - Residential / Masterplanned,,,Yes,Yes,,web:UDIA phone:Research email:Research,,Canberra HQ contact page (seen via search excerpt)
Three Thirds Group,,https://www.three-thirds.com.au/,,info@three-thirds.com.au,Melbourne VIC,,,,,,UDIA: Professional Services Company,Developer - Medium Density / Townhouse;Developer - Urban Renewal / Infill;Development Consulting;Local Government;Planner;State Government;Urban Designer,,,,Yes,,web:UDIA phone:- email:UDIA,,
Time & Place,,https://timeplace.com.au/,03 7009 6060,info@timeplace.com.au,Melbourne / Victoria,https://timeplace.com.au/contact/,,,Victoria: Current Victorian developer / portfolio listing,Tier B,Apartments; commercial; industrial; mixed use,,,,Yes,,,web:Workbook phone:Research email:Research,,Also media@timeplace.com.au
Trafalgar Property Developments Pty Ltd,,,,,,,,,"Moe: Proposed residential subdivision fronting Princes Highway, Trafalgar (Baw Baw Shire; part of 665-lot applications)",,,,,,,,Yes,web:- phone:- email:-,,"Trafalgar fringe (Baw Baw Shire, not Latrobe). Named as owner/applicant in Warragul & Drouin Gazette (2021). No contacts found."
Tripleton,,https://www.tripleton.com.au,+61 415 384 955,info@tripleton.com.au,"24/5 Bridge Street, Newtown VIC 3220",https://www.tripleton.com.au/contact,,,Geelong: Geelong residential and commercial developments,Medium,,,Yes,Yes,,,,web:Research phone:Research email:Research,,Geelong-based developer (Tripleton Developments). Phone is a mobile number as published on contact page.
UD Australia,,https://www.nttud.co.jp/UDAustralia/,03 9674 7192,staff@ud-aus.com,Southbank VIC,,,,Victoria: Current Victorian developer / portfolio listing,Tier B,Apartments; greenfield; masterplanned residential; UDIA: Developer,Developer - Apartments;Developer - Greenfield;Developer - Residential / Masterplanned,,,Yes,Yes,,web:UDIA phone:UDIA email:UDIA,,
Up Property,,https://upproperty.com.au/,03 9500 8866,info@upproperty.com.au,Armadale VIC,,,,Victoria: Current Victorian developer / portfolio listing,Tier B,Property development; UDIA: Developer,,,,Yes,Yes,,web:UDIA phone:UDIA email:UDIA,,
Urban Land Developments,Urban Land Developments Pty Ltd,https://www.centralwalkdrysdale.com.au/the-developer.php,1300 992 581,Contact form only,Geelong VIC,,Ross Closter (Director),,Geelong: Central Walk (Drysdale) | Geelong – Drysdale: Central Walk (Selling),Tier A,Greenfield; masterplanned residential; UDIA: Developer,Developer - Greenfield;Developer - Residential / Masterplanned,,,Yes,Yes,,web:UDIA phone:Research email:-,,"No email published; Central Walk Drysdale developer page lists phone only (sales office 37 Princess St Drysdale, by appointment)."
URBAN Land Projects,Urban Land Projects,https://www.thenorthquarter.com.au,0407 503 140,paul@urbanlandprojects.com.au,Shepparton VIC,https://www.thenorthquarter.com.au/,Paul Ranson (Project Management),paul@urbanlandprojects.com.au,Shepparton: The North Quarter — Premium North Shepparton estate; ownership entity being investigated | Shepparton: The North Quarter (Shepparton) | Shepparton – Shepparton: The North Quarter (Selling),Pending,Residential land,,,Yes,Yes,,,web:Research phone:Research email:Research,,"Developer of The North Quarter estate, Verney Road, North Shepparton (estate address 145 Verney Road per Openlot). No company website found; contacts are from the estate site: Paul Ranson (project management) - personal mobile/email, no general address published. Sales via Gagliardi Scott Real Estate (Rocky Gagliardi 0407 826 542, rocky@gagliardiscott.com.au). Named staff business email: Paul Ranson (project management, URBAN Land Projects), published on The North Quarter and Edgewater Place estate sites."
Urbex,,https://urbex.com.au/,07 3906 7444,info@urbex.com.au,Beveridge VIC,https://urbex.com.au/contact-us-urbex/,Nic Gilbert (National Acquisition Manager),info@urbex.com.au,Beveridge: Mandalay (Beveridge) | Beveridge – Beveridge: Mandalay (Selling / mature),Tier A,Masterplanned residential,,,,Yes,,,web:Workbook phone:Research email:Research,,Head office (QLD) contact page; also urbexcommunities@urbex.com.au.
Vicinity Centres,,https://www.vicinity.com.au/,03 7001 4000,feedback@vicinity.com.au,Victoria,https://www.vicinity.com.au/,,,Victoria: Current Victorian developer / portfolio listing,Tier B,Retail; mixed use,,,,Yes,,,web:Workbook phone:Research email:Research,,General 'Talk to us' address; also media.relations@vicinity.com.au and investor.relations@vicinity.com.au
Villawood Properties,,https://villawoodproperties.com.au,(03) 9695 3000,villawood@villawoodproperties.com,"Level 4, 6 Riverside Quay, Southbank VIC 3006",https://villawoodproperties.com.au/contact/,Rory Costelloe (Managing Director),villawood@villawoodproperties.com,Bendigo: Bendigo-founded greenfield developer with an extensive pipeline | Geelong: Armstrong (Mount Duneed) | Geelong – Mount Duneed: Armstrong (Final stages / selling),High,Greenfield; townhouses; masterplanned residential; UDIA: Developer,Developer - Greenfield;Developer - Medium Density / Townhouse;Developer - Residential / Masterplanned,Yes,Yes,Yes,Yes,,web:Research phone:Research email:Research,Other emails: UDIA villawood@villawoodproperties.com.au,"Melbourne HQ details. Also Bendigo office (47 Queen St, Bendigo; (03) 5444 0002; adminbendigo@villawoodproperties.com). Note email domain is .com, not .com.au."
Wel.Co,,https://welcogroup.com.au,+61 3 8595 8300,info@welcogroup.com.au,"Level 10, 2 Southbank Boulevard, Southbank VIC 3006",https://welcogroup.com.au/contact,Andrew Welsh (Founder & Managing Director),,Bendigo: Harlowe Bendigo (Huntly) | Bendigo – Huntly: Harlowe Bendigo (Selling),Tier A,Masterplanned residential; UDIA: Contractor,Developer - Residential / Masterplanned,Yes,,Yes,Yes,,web:Research phone:Research email:Research,Other emails: UDIA accounts@welcogroup.com.au,Phone/address from welcogroup.com.au contact page (Framer site content index). info@welcogroup.com.au seen on Wel.Co Facebook page and Wel.Co's Fernvale project site footer (thefernvale.com.au); privacyofficer@welcogroup.com.au also on site.
Wingate,,https://www.wingate.com.au/,03 9913 0700,info@wingate.com.au,Melbourne VIC,https://www.wingate.com.au/contact-us/,,,Victoria: Current Victorian developer / portfolio listing,Tier B,Property investment / development finance; UDIA: Developer,Developer - Investor,,,Yes,Yes,,web:UDIA phone:Research email:Research,,
Wolfdene,Wolfdene Management,https://wolfdene.com.au,+61 3 9827 8830,info@wolfdene.com.au,"95 Cubitt Street, Cremorne VIC 3121",https://wolfdene.com.au/contact/,,,Victoria: Current Victorian developer / portfolio listing,Tier B,Greenfield; townhouses; masterplanned residential; UDIA: Developer,Developer - Greenfield;Developer - Medium Density / Townhouse;Developer - Residential / Masterplanned,Yes,,Yes,Yes,,web:Research phone:Research email:Research,,"Also has Perth office: Level 5, 28 The Esplanade, Perth WA 6000."
XWISE Group,XWISE GROUP,https://www.xwisegroup.com.au/,,info@xwisegroup.com.au,Melbourne VIC,,,,Victoria: Current Victorian developer / portfolio listing,Tier B,Property development / sales; UDIA: Developer,Real Estate - Property Sales,,,Yes,Yes,,web:UDIA phone:- email:UDIA,,
YourLand,YourLand Developments,https://yourland.com,0402 032 208,melbourne@yourland.com,"Level 1, 68 Clarke Street, Southbank VIC 3006",https://yourland.com/contact/,Robyn Lukstin (Senior Planning Development Manager),bendigo@yourland.com,Bendigo: The Last Piece (Golden Square); The Peppercorns Bendigo (White Hills); Homestead Bendigo (Huntly) | Bendigo – Golden Square: The Last Piece (Selling / mature) | Bendigo – White Hills: The Peppercorns Bendigo (Selling / mature) | Bendigo – Huntly: Homestead Bendigo (Selling / mature) | Bendigo – Maiden Gully: Maison (Selling),Tier A,Greenfield; industrial; masterplanned residential; UDIA: Developer,Developer - Greenfield;Developer - Industrial;Developer - Residential / Masterplanned,Yes,,Yes,Yes,,web:Research phone:UDIA email:Research,,"'YourLand 3L Alliance' resolved as two separate entities: YourLand Developments and 3L Alliance (no joint venture linking them found). No head-office phone published; contact page lists community sales lines (e.g. Seventh Bend 0418 577 055). media@yourland.com for media. Also a Bendigo office at 57A Queen St, Bendigo (Yelp/Facebook)."
